id,timestamp,amount,accountNumber,transactionType,score,reason
06454c90-cbe5-47d2-bb37-0f3a06169209,2025-02-08T01:06:40.594809,1985.75,HQNS22219693792374,withdrawal,0.89,High transaction amount (>95th percentile)
c8ae7baa-44fa-4675-bafe-9cf5514b2f4d,2025-01-01T19:20:03.781076,1987.87,JSKQ88794705516940,purchase,0.71,High transaction amount (>95th percentile)
219b7ded-8021-4bce-859b-957dcee38694,2025-01-01T19:20:31.362748,1987.87,JSKQ88794705516940,purchase,0.78,High transaction amount (>95th percentile)
50930b69-02f9-405a-8528-b29809e5d12e,2025-01-01T19:21:05.819592,1987.87,JSKQ88794705516940,purchase,0.77,High transaction amount (>95th percentile)
f9eb86d9-edbe-4467-a2f7-a6e31be51374,2025-01-09T10:41:55.687747,1564.92,JSKQ88794705516940,deposit,0.92,Closing balance < ₹1000
7115ae0f-f0a6-469c-9019-ed7bbd435c41,2025-01-09T13:24:36.854123,1718.08,JSKQ88794705516940,purchase,0.9,Closing balance < ₹1000; Foreign transaction from high-risk country
45a52635-076a-4eb6-bce5-1a574669a367,2025-01-12T09:45:50.930946,4007.32,JSKQ88794705516940,withdrawal,0.97,Closing balance < ₹1000; High transaction amount (>95th percentile)
f5e1946e-3a6e-4b9f-a6f8-345dbfa62e89,2025-02-05T22:03:50.636380,502.98,JSKQ88794705516940,withdrawal,0.73,Closing balance < ₹1000
655e6594-bdaf-47c2-930c-9ab438fa0078,2025-02-19T10:20:49.910024,582.22,JSKQ88794705516940,withdrawal,0.83,Closing balance < ₹1000
ce8d64e4-87f9-4de9-9110-ff3dd879c1d4,2025-02-20T15:37:50.949173,1539.06,JSKQ88794705516940,purchase,0.71,Closing balance < ₹1000
bd64e194-066b-4f3f-b523-6ee30b493e6d,2025-02-22T12:43:04.221402,573.71,JSKQ88794705516940,purchase,0.77,Closing balance < ₹1000
cb7a9845-7254-4602-9594-924eb55b08c4,2025-03-01T04:16:57.816273,1100.45,JSKQ88794705516940,payment,0.85,Closing balance < ₹1000
ec8f339a-69af-4e4d-9737-ffca7853131f,2025-03-10T18:52:34.432641,1735.04,JSKQ88794705516940,payment,0.71,Closing balance < ₹1000
2c1cebf4-50e8-45f3-bd34-0d2bb4c0fae3,2025-03-11T09:45:41.672430,516.9,JSKQ88794705516940,deposit,0.76,Closing balance < ₹1000
4b192b6f-4db9-4507-80fd-804d48ba3f7c,2025-03-18T22:14:48.232027,1667.56,JSKQ88794705516940,payment,0.89,Closing balance < ₹1000
062f4e83-2824-48c6-972b-2ce0a2b1e6e8,2025-03-26T21:30:58.710356,218.5,JSKQ88794705516940,transfer,0.86,Closing balance < ₹1000
7a61a0fb-ccf8-441c-b6d2-490b5aca2980,2025-03-29T08:48:42.274899,1699.44,JSKQ88794705516940,transfer,0.77,Closing balance < ₹1000; Foreign transaction from high-risk country
0155ad96-8385-4887-a791-2176478438cd,2025-04-02T12:27:24.871408,492.74,JSKQ88794705516940,purchase,0.88,Closing balance < ₹1000
06d7245c-8912-458e-9cad-5631ad227e5e,2025-04-08T01:52:33.295012,1433.25,JSKQ88794705516940,withdrawal,0.94,Closing balance < ₹1000
c40e9cbc-90dd-46f3-9064-d9bddc9989d6,2025-04-08T02:47:57.004373,1433.25,JSKQ88794705516940,withdrawal,0.7,Closing balance < ₹1000
da849551-9150-45b9-b0e0-e6dca8ce6af4,2025-04-08T03:57:09.201474,1433.25,JSKQ88794705516940,withdrawal,0.94,Closing balance < ₹1000
5410c619-bc80-4a73-af33-998c32416b9c,2025-01-21T01:27:43.774404,1999.21,POUJ49058147700541,payment,0.91,High transaction amount (>95th percentile)
d923285f-54f0-41bf-a19f-77b605bc350b,2025-01-31T00:09:38.433408,1326.85,POUJ49058147700541,withdrawal,0.8,Blacklisted merchant
4faff43f-2668-41ef-b1f7-5073af5c6106,2025-01-31T00:26:45.786309,1326.85,POUJ49058147700541,withdrawal,0.75,Blacklisted merchant
28bbec85-3443-4bf1-981c-7fd2fd1f7525,2025-01-31T00:48:09.223359,1326.85,POUJ49058147700541,withdrawal,0.99,Blacklisted merchant
d781e874-bd8b-443e-9a67-44d4131610b0,2025-03-07T04:57:07.737821,1212.99,FYVO72217043030548,transfer,0.8,Blacklisted merchant
21ebb0a6-d6d0-4956-8468-373e50544260,2025-01-20T08:49:28.010082,429.46,EIGF92127799799552,payment,0.73,Blacklisted merchant
5f0cb3a8-bce4-4781-a997-f25bd4fb1d4f,2025-01-15T18:13:16.989550,1957.09,BBEW57872982595269,purchase,0.73,High transaction amount (>95th percentile)
b01bdb28-4ad8-40eb-9856-bfb895c3759e,2025-03-11T16:22:57.302052,1443.65,PUOY03482477109324,payment,0.95,Foreign transaction from high-risk country
ec195734-0d83-42fd-85af-7c587b08d6fb,2025-03-27T13:18:10.590108,27562.29,PUOY03482477109324,withdrawal,0.88,High transaction amount (>95th percentile)
3941068e-c95a-404f-83e6-17bf0583ca21,2025-03-18T08:42:32.596025,97462.38,PWEY77901043289861,withdrawal,0.94,Closing balance < ₹1000; High transaction amount (>95th percentile)
9f110b23-5718-4ce7-aa97-c7ec3dfebb06,2025-03-18T09:26:07.066693,97462.38,PWEY77901043289861,withdrawal,0.92,Closing balance < ₹1000; High transaction amount (>95th percentile)
91cea8b0-d864-4d00-94ba-fb6fd5a08724,2025-03-18T10:20:33.236009,97462.38,PWEY77901043289861,withdrawal,0.86,Closing balance < ₹1000; High transaction amount (>95th percentile)
d9bd0a39-e6b6-4f56-88d1-dff93dc3951a,2025-01-07T12:59:49.576338,1635.12,DSQG27315851493689,deposit,0.99,Closing balance < ₹1000
4f2e8e19-52f7-4078-81ac-e3f1f071d35a,2025-01-07T14:00:21.604877,1004.08,DSQG27315851493689,purchase,0.81,Closing balance < ₹1000
80ded9de-f8b1-4682-9435-2ea8e7c7740c,2025-01-10T00:02:29.036721,1471.07,DSQG27315851493689,withdrawal,0.87,Closing balance < ₹1000
bac0b260-57fc-45a9-bfcf-342dc8519549,2025-01-22T00:30:37.203935,65693.9,DSQG27315851493689,withdrawal,0.95,Closing balance < ₹1000; High transaction amount (>95th percentile)
3881226e-ed2d-4f51-a955-dbad1305bb9d,2025-01-29T21:23:18.404303,926.18,DSQG27315851493689,withdrawal,0.89,Closing balance < ₹1000
aaa8a163-ec2a-483f-8605-95913fe59fac,2025-02-11T14:16:29.093579,865.49,DSQG27315851493689,purchase,0.96,Closing balance < ₹1000
bbfad743-9e12-431e-9b82-361ba883227d,2025-02-17T03:21:04.325811,1858.52,DSQG27315851493689,payment,0.87,Closing balance < ₹1000
e775e6ad-f092-410a-97d0-c0a61812dff0,2025-03-01T00:42:49.354193,1650.73,DSQG27315851493689,payment,0.91,Closing balance < ₹1000
8a33138b-dc29-4a9a-a39a-dceddceddd5c,2025-03-11T03:31:28.005161,1994.34,DSQG27315851493689,purchase,0.71,High transaction amount (>95th percentile)
f7204198-2c3b-48d3-82a5-f1e20b391716,2025-03-11T04:10:55.417476,1994.34,DSQG27315851493689,purchase,0.77,High transaction amount (>95th percentile)
2f006dd3-43d4-45d0-898d-de7c9edf9ee5,2025-03-11T05:00:12.945193,1994.34,DSQG27315851493689,purchase,0.79,High transaction amount (>95th percentile)
03449c23-8945-496c-adb5-f1e8cbc8cf0f,2025-03-18T03:35:24.472255,1038.61,DSQG27315851493689,purchase,0.72,Closing balance < ₹1000
73724765-2ed8-4132-86bc-2f5e7a89a05b,2025-04-08T07:03:39.875431,980.75,DSQG27315851493689,deposit,0.77,Closing balance < ₹1000
afb7b178-0364-4c98-9f42-c0e6e08763ce,2025-01-01T20:16:53.918953,62109.17,MWHJ95788568557444,withdrawal,0.73,Closing balance < ₹1000; High transaction amount (>95th percentile)
df0236a6-45ed-49a6-8e13-b68d5b1d740c,2025-01-02T19:58:05.429953,756.04,MWHJ95788568557444,withdrawal,0.78,Closing balance < ₹1000
f37922df-ae03-4700-8f66-aaa92f215bd9,2025-01-09T23:55:08.305809,1760.87,MWHJ95788568557444,payment,0.89,Closing balance < ₹1000
dcbe0da5-1126-4e2c-b6d7-3fc4e6cf339e,2025-02-16T09:26:16.081812,217.41,MWHJ95788568557444,payment,0.81,Closing balance < ₹1000
3e464b8a-9376-45d5-9de0-c1117c819440,2025-03-24T23:15:29.905352,1127.55,MWHJ95788568557444,purchase,0.81,Closing balance < ₹1000
70eb28c9-c703-4974-ae61-cc45e9398d7e,2025-01-10T22:04:03.779243,1993.28,HVXV68516048175496,deposit,0.76,High transaction amount (>95th percentile)
7956ff91-a7b0-485d-aacb-72513ee1dc3f,2025-01-10T22:09:43.397285,1993.28,HVXV68516048175496,deposit,0.78,High transaction amount (>95th percentile)
7ccaca70-3bdd-4e71-adac-b20ca8642891,2025-01-10T22:16:47.670559,1993.28,HVXV68516048175496,deposit,0.98,High transaction amount (>95th percentile)
a497930e-e886-4ea1-b303-a487a84792d0,2025-01-16T14:05:20.016201,850.49,USGW67632016328708,withdrawal,0.89,Closing balance < ₹1000
8dd9ed6e-c36a-47c5-9e4c-d72901bbfa52,2025-02-05T11:09:02.895381,850.28,USGW67632016328708,purchase,0.88,Closing balance < ₹1000
d8354cfd-9819-41a2-97d6-8359df407c40,2025-03-16T09:40:40.623896,861.96,USGW67632016328708,payment,0.75,Closing balance < ₹1000
ff12d064-5512-4ae2-8dc6-591d22e00802,2025-03-20T21:34:43.628689,78953.63,USGW67632016328708,withdrawal,0.92,Closing balance < ₹1000; High transaction amount (>95th percentile)
cd05cd18-915e-4efe-a948-58af12a9b3fe,2025-01-20T22:08:28.415841,1420.83,IXLY65060983584168,deposit,0.75,Foreign transaction from high-risk country
e2e0dc8d-2db9-4e59-b7e9-cd6764a51b48,2025-01-20T22:19:50.513312,1420.83,IXLY65060983584168,deposit,0.81,Foreign transaction from high-risk country
ac32e6f6-003a-4839-9a04-4a8edaf1b6b5,2025-01-20T22:34:02.634493,1420.83,IXLY65060983584168,deposit,1.0,Foreign transaction from high-risk country
401b55bd-c9e8-4d6c-8aab-5cb2bdf0e8ca,2025-02-06T22:57:21.612293,1335.93,IXLY65060983584168,payment,0.89,Blacklisted merchant
6dd4d255-5736-45ae-81e6-951abd33c9ea,2025-03-24T13:23:52.911715,1954.77,ZEJB41574733848421,payment,0.87,High transaction amount (>95th percentile)
d451cc2d-9f6b-4c70-8118-0a9eb4fa4d3d,2025-03-24T14:10:59.496229,1954.77,ZEJB41574733848421,payment,0.91,High transaction amount (>95th percentile)
49ccaecb-76bc-4544-8bff-cdcf411490aa,2025-03-24T15:09:50.652163,1954.77,ZEJB41574733848421,payment,0.95,High transaction amount (>95th percentile)
904653d1-42ea-484f-93c6-306f4c36569b,2025-04-08T00:31:23.779111,540.58,CIOH79965075273545,purchase,0.93,Blacklisted merchant
44782dc0-eac4-4f85-8e0e-98de07269cd3,2025-01-12T18:53:30.493771,1954.77,XGKD82337498941343,payment,0.77,High transaction amount (>95th percentile)
729d519a-346b-49e9-a41d-2693bbbaf9a5,2025-02-07T13:10:06.640848,1120.39,XGKD82337498941343,withdrawal,0.71,Closing balance < ₹1000
cba828a9-a216-4a74-bf7a-f3ff5f0d7ec3,2025-03-10T09:09:31.624259,74143.76,XGKD82337498941343,withdrawal,0.79,High transaction amount (>95th percentile)
732ce473-3b19-4764-8ade-038d8c2378c2,2025-03-13T06:48:06.785326,1718.13,XGKD82337498941343,withdrawal,0.78,Closing balance < ₹1000
a4263dee-f9ec-4d10-befc-2974aac4e7fe,2025-01-24T14:52:04.817811,1975.12,HJDB36971179808932,transfer,0.76,High transaction amount (>95th percentile)
6886a2f9-d7a3-4ea4-9213-fc8a1a481ea5,2025-04-08T07:13:00.589881,540.58,CIOH79965075273545,purchase,0.98,Blacklisted merchant
15291726-f844-4294-96b0-3dfa2d28eed4,2025-03-16T11:26:58.489435,52262.92,WKXL62588153714732,withdrawal,0.96,High transaction amount (>95th percentile)
8537d5bc-8eb0-447b-921e-22e16821b974,2025-01-03T01:40:40.053798,78948.24,YCSE85654310278681,transfer,0.79,High transaction amount (>95th percentile)
38bc11ef-68bc-49dd-81a5-883d12ed8075,2025-01-03T01:41:50.922183,78948.24,YCSE85654310278681,transfer,0.9,High transaction amount (>95th percentile)
6fa3cc35-f731-410f-bcb9-789c57dba6f1,2025-01-03T01:43:19.455648,78948.24,YCSE85654310278681,transfer,0.82,High transaction amount (>95th percentile)
f8ec711d-b9f2-46bf-9cde-b9e0a15f57d9,2025-01-01T09:06:18.737267,1323.81,ETVZ70213556909275,purchase,0.97,Foreign transaction from high-risk country
ab8fccc0-3b84-4d51-90f2-52e20feb980e,2025-02-21T06:40:22.393759,53055.23,ETVZ70213556909275,payment,0.84,High transaction amount (>95th percentile)
ebc3311f-ee9c-4c76-b3a6-0fbe4137f77e,2025-02-21T07:09:38.023305,53055.23,ETVZ70213556909275,payment,0.78,High transaction amount (>95th percentile)
85e259ee-4abc-43e7-a9b9-29fdb5d0c47f,2025-02-21T07:46:11.271607,53055.23,ETVZ70213556909275,payment,0.77,High transaction amount (>95th percentile)
f97bbe7c-a660-4200-a3c9-658e710db503,2025-01-30T20:37:11.823658,1972.34,IBEX68117758917839,purchase,0.87,High transaction amount (>95th percentile)
4f492b26-e977-4954-92dc-917ee710e787,2025-03-10T01:58:10.701341,770.5,IBEX68117758917839,payment,0.78,Blacklisted merchant
1d136352-1a7b-4181-8859-4e01fe05d455,2025-03-10T02:37:01.658174,770.5,IBEX68117758917839,payment,0.88,Blacklisted merchant
4b7c166a-81d3-4263-8317-cf0990a2b601,2025-03-10T03:25:33.643296,770.5,IBEX68117758917839,payment,0.97,Blacklisted merchant
c8cc82a0-684a-4880-9931-3c108757a654,2025-02-15T02:14:26.782587,1976.62,DNLU72628498776945,purchase,0.82,High transaction amount (>95th percentile)
4c850313-b311-4e3a-a9ef-d0a14c184c8b,2025-02-15T02:40:10.664715,1976.62,DNLU72628498776945,purchase,0.77,High transaction amount (>95th percentile)
7880da93-9237-4b43-ba92-3c3433789956,2025-02-15T03:12:19.384168,1976.62,DNLU72628498776945,purchase,1.0,High transaction amount (>95th percentile)
d9495125-f1bf-4f37-a5c3-5612f909ff40,2025-01-21T12:31:47.609511,1989.39,PLZQ41616928451154,payment,0.85,High transaction amount (>95th percentile)
7687a6b0-0a3e-4b54-a8ca-6b805bea3496,2025-02-11T12:10:47.901716,10058.97,PLZQ41616928451154,withdrawal,0.73,Closing balance < ₹1000; High transaction amount (>95th percentile)
19a16ff3-fa85-4aff-8f4a-d67e46903f7b,2025-02-15T05:12:14.141647,1950.87,JJFW25831323705895,withdrawal,0.71,High transaction amount (>95th percentile)
90f90f7a-6321-4540-bd3e-9c7c7546ed6b,2025-02-26T22:41:01.900954,1997.18,JJFW25831323705895,purchase,0.73,High transaction amount (>95th percentile)
9d5a3a09-9587-4751-a9f9-059178caba0e,2025-03-15T17:03:02.072684,1972.34,JJFW25831323705895,purchase,0.89,High transaction amount (>95th percentile)
ca3522c7-0b04-4c94-86de-10ff67e33042,2025-03-15T17:45:05.730669,1972.34,JJFW25831323705895,purchase,0.94,High transaction amount (>95th percentile)
0f9d35f1-e281-4925-ad38-685251aee6ec,2025-03-15T18:37:38.450788,1972.34,JJFW25831323705895,purchase,0.83,High transaction amount (>95th percentile)
b75002eb-2a41-4daa-a11c-0b4771b37231,2025-02-21T01:32:07.016395,46804.12,BUML40515319520585,withdrawal,0.72,High transaction amount (>95th percentile)
7c808994-9972-4211-a0b5-b3713a84b3ab,2025-01-13T22:23:57.005383,1198.1,HJWJ71349361832421,payment,0.81,Closing balance < ₹1000
ebdd0f63-a5f4-4e72-b1d5-e5a057b31a0d,2025-01-14T08:33:22.053697,575.43,HJWJ71349361832421,payment,1.0,Closing balance < ₹1000
cd646606-6682-4121-a7f4-1ac6c0c83b23,2025-01-17T18:25:44.768861,591.06,HJWJ71349361832421,payment,0.86,Closing balance < ₹1000
cf55ae40-72d8-4e29-aaf5-9e1f756f89a5,2025-02-17T03:05:23.384991,61197.44,HJWJ71349361832421,purchase,0.99,Closing balance < ₹1000; High transaction amount (>95th percentile)
f178c9f0-b888-4e9b-a996-986bae5d6e2d,2025-02-17T12:00:34.693492,932.08,HJWJ71349361832421,transfer,0.96,Closing balance < ₹1000
6eebf036-c2f4-4622-949c-be7b6a517054,2025-03-01T02:04:39.427409,1982.02,HJWJ71349361832421,deposit,0.7,High transaction amount (>95th percentile)
953aabbc-f180-4061-8d4e-0eac47aafdc4,2025-03-01T02:38:22.401175,1982.02,HJWJ71349361832421,deposit,0.92,High transaction amount (>95th percentile)
c4a6aff2-a28a-4b4e-9c6c-af000ec4cb8d,2025-03-01T03:20:29.633523,1982.02,HJWJ71349361832421,deposit,0.9,High transaction amount (>95th percentile)
55def266-a243-4631-b890-8b489279df25,2025-03-22T10:22:48.741224,1897.0,HJWJ71349361832421,payment,0.86,Closing balance < ₹1000
22e564ee-9414-4f83-8b18-52724c9b493f,2025-03-23T06:11:40.440797,574.73,HJWJ71349361832421,payment,0.78,Closing balance < ₹1000
cfa3573f-edba-4acc-a8f6-96372669203e,2025-04-08T20:35:26.422907,794.61,HJWJ71349361832421,purchase,0.89,Closing balance < ₹1000
a885de2a-daf1-4bff-a3ff-7337b891ddd0,2025-02-02T05:20:54.815607,1442.03,TWIR08313678377701,transfer,0.73,Blacklisted merchant
d274743f-df64-4c03-b415-8e75e457b155,2025-02-02T14:32:25.453445,613.86,TWIR08313678377701,withdrawal,0.83,Foreign transaction from high-risk country
3a81e95a-d5d5-462e-a8d0-f86e579ad5e5,2025-02-16T14:52:28.329633,1995.42,TWIR08313678377701,withdrawal,0.84,Closing balance < ₹1000; High transaction amount (>95th percentile)
9cea124c-0250-44cb-9251-cf7ea6d954b5,2025-03-13T22:11:39.667114,447.43,TWIR08313678377701,withdrawal,0.99,Foreign transaction from high-risk country
c9d9c4bd-fa29-42b2-9c9b-165bcfdd7082,2025-03-13T22:52:42.188095,447.43,TWIR08313678377701,withdrawal,0.96,Foreign transaction from high-risk country
1a1238e4-becd-47db-8987-c852cfce4e7a,2025-03-13T23:43:58.531835,447.43,TWIR08313678377701,withdrawal,0.78,Foreign transaction from high-risk country
0f5ea8ee-5710-4ba1-849c-3b62a3134405,2025-02-07T23:02:21.010141,492.74,NXKT40139904902787,purchase,0.85,Closing balance < ₹1000
315dfbf3-9485-4752-a1ef-e6f1ebc49998,2025-02-07T23:24:00.662794,492.74,NXKT40139904902787,purchase,0.75,Closing balance < ₹1000
28a59b2f-4aea-4cf1-9d52-baee1dd8f835,2025-02-07T23:51:04.274668,492.74,NXKT40139904902787,purchase,0.97,Closing balance < ₹1000
21c2c55d-1c6c-4ee0-9840-44de523d75a8,2025-03-18T00:07:22.285559,1366.69,NXKT40139904902787,purchase,0.96,Closing balance < ₹1000
125db1c0-2d9c-4044-9454-f9fc38a926aa,2025-03-18T00:50:44.507495,1366.69,NXKT40139904902787,purchase,0.79,Closing balance < ₹1000
b5587e6e-10f3-4069-86bf-c10e05a9d95e,2025-03-18T01:44:55.374887,1366.69,NXKT40139904902787,purchase,0.89,Closing balance < ₹1000
4b61f863-edb8-44bb-a83f-8540b6eed624,2025-03-18T22:24:20.567879,1961.28,NXKT40139904902787,purchase,0.88,High transaction amount (>95th percentile)
0a6f4626-3249-4e3f-bc42-ff47a0ad1f4a,2025-03-22T09:52:35.788755,375.55,NXKT40139904902787,deposit,0.75,Closing balance < ₹1000
7842646a-f18a-4793-95fc-2b13c621a2af,2025-03-22T10:38:28.874833,375.55,NXKT40139904902787,deposit,0.93,Closing balance < ₹1000
1f3afe62-1f97-4c21-a7be-8d3f274000d0,2025-03-22T11:35:48.211669,375.55,NXKT40139904902787,deposit,0.86,Closing balance < ₹1000
1433432a-34eb-4254-b564-40e6bdc3ecf0,2025-03-23T18:50:06.626919,18.5,NXKT40139904902787,withdrawal,0.93,Closing balance < ₹1000
d6672fa3-d942-4153-9bd7-3d42e5dce308,2025-03-23T19:36:46.730391,18.5,NXKT40139904902787,withdrawal,0.86,Closing balance < ₹1000
78631193-e1f5-4a3e-8f0c-16aef1bd0987,2025-03-23T20:35:04.804460,18.5,NXKT40139904902787,withdrawal,0.7,Closing balance < ₹1000
0b215cd9-9108-46e9-a1a2-f537fa922001,2025-03-30T13:11:37.219577,96232.82,NXKT40139904902787,purchase,0.8,Closing balance < ₹1000; High transaction amount (>95th percentile)
272085dd-df68-4cb8-b72c-d57a2cc80f11,2025-03-30T14:02:08.937299,96232.82,NXKT40139904902787,purchase,0.71,Closing balance < ₹1000; High transaction amount (>95th percentile)
5d96320e-2f4c-4c0b-955e-0810a7ff909c,2025-03-30T15:05:16.359173,96232.82,NXKT40139904902787,purchase,0.98,Closing balance < ₹1000; High transaction amount (>95th percentile)
9cd9912e-668b-4c5c-9bdb-d6824d0f2ab1,2025-04-09T08:29:59.204035,19732.79,NXKT40139904902787,withdrawal,0.96,High transaction amount (>95th percentile)
e6d51fc3-8d16-477a-ad95-788d54634dca,2025-04-09T09:26:06.600195,19732.79,NXKT40139904902787,withdrawal,0.95,High transaction amount (>95th percentile)
a0a4e549-6955-41da-9171-ab581751dac3,2025-04-09T10:36:13.373730,19732.79,NXKT40139904902787,withdrawal,0.79,High transaction amount (>95th percentile)
c68a0112-88a9-41ce-985e-c3078c458bed,2025-01-17T11:42:33.963885,1878.65,IUZY99309728962309,deposit,0.72,Foreign transaction from high-risk country
b853722e-4610-4310-b3af-0dfe2ec06273,2025-02-10T23:09:13.737236,56613.44,IUZY99309728962309,withdrawal,0.96,High transaction amount (>95th percentile)
8dff6037-4c89-4673-b881-b3e54303eb9a,2025-03-22T07:22:19.479091,1040.6,IUZY99309728962309,withdrawal,0.98,Closing balance < ₹1000
6819bcf4-8ed9-4ce8-96b7-d53817329165,2025-02-05T07:09:57.936126,1892.39,VJHX16117240050455,payment,0.73,Blacklisted merchant
6bc5db87-1bc4-4ad5-b95e-20f5063b8126,2025-02-05T07:30:06.469961,1892.39,VJHX16117240050455,payment,0.85,Blacklisted merchant
7dcc031c-93af-4681-b31c-2324c6fe8c37,2025-02-05T07:55:16.250192,1892.39,VJHX16117240050455,payment,0.72,Blacklisted merchant
39d98176-8583-484d-84cc-32d7b7096309,2025-03-03T04:51:24.332129,697.84,VJHX16117240050455,payment,0.93,Closing balance < ₹1000
9dc668c8-3da9-4d70-beae-48372effe48a,2025-03-08T20:11:56.073726,1704.74,VJHX16117240050455,purchase,0.93,Closing balance < ₹1000
d0af03c7-baa6-4c1a-92f9-b26edf674788,2025-03-24T13:50:25.704184,15200.01,VJHX16117240050455,withdrawal,0.74,Closing balance < ₹1000; High transaction amount (>95th percentile)
eccac52c-d2dd-4f93-82dd-be94fbaa4f6b,2025-03-04T08:05:25.920124,1995.42,RITV91216558523986,withdrawal,0.84,High transaction amount (>95th percentile)
19b6648a-3923-4096-b895-c65772728473,2025-03-04T08:41:00.184047,1995.42,RITV91216558523986,withdrawal,0.86,High transaction amount (>95th percentile)
ec3eaeef-be08-4e23-bb68-d71dc72e8223,2025-03-04T09:25:26.447402,1995.42,RITV91216558523986,withdrawal,0.78,High transaction amount (>95th percentile)
b1594436-0b50-46a6-a57f-473a385f7819,2025-03-15T02:33:25.373579,60206.11,RITV91216558523986,payment,0.96,High transaction amount (>95th percentile)
79d1b27e-b40c-40e4-b9a3-ccaf430482bc,2025-03-15T03:15:08.355667,60206.11,RITV91216558523986,payment,0.83,High transaction amount (>95th percentile)
b21fee42-510d-4b73-97ab-81e132bc1fe5,2025-03-15T04:07:15.246092,60206.11,RITV91216558523986,payment,0.76,High transaction amount (>95th percentile)
9922970b-0db5-4c53-80dc-288b8e9410b4,2025-01-14T00:32:11.368074,1993.91,OCVG90053293183933,transfer,0.86,High transaction amount (>95th percentile)
2e932c49-d594-49eb-a00e-6163600c1164,2025-02-18T08:07:10.605471,425.51,OCVG90053293183933,purchase,0.92,Closing balance < ₹1000
fa2f6abc-121b-4c8e-a02c-a5ad442b8b5d,2025-03-08T12:04:12.372839,5413.61,OCVG90053293183933,withdrawal,0.76,Closing balance < ₹1000; High transaction amount (>95th percentile)
8cb726d9-ca01-4ac4-a95a-fe7b90efecee,2025-04-10T13:22:13.161863,780.83,OCVG90053293183933,payment,0.79,Closing balance < ₹1000
2d360513-e4e0-40dd-9b96-052776c219bb,2025-03-17T09:09:18.865852,1961.73,YLFT91241904966319,deposit,1.0,High transaction amount (>95th percentile)
59fb197c-7d89-417a-8c5d-8883954dba12,2025-01-24T15:31:06.202811,1950.29,FSNU71756551256746,transfer,0.89,High transaction amount (>95th percentile)
1f162638-c37d-40d6-8483-3852978cd050,2025-01-13T22:33:34.403879,458.89,FSNU71756551256746,payment,0.83,Blacklisted merchant
fdfbf4b5-1148-418b-adaf-7e05c367fece,2025-01-13T22:40:57.435930,458.89,FSNU71756551256746,payment,0.86,Blacklisted merchant
97ccccfc-189d-4e04-969c-30f8280a384c,2025-01-13T22:50:10.900808,458.89,FSNU71756551256746,payment,0.74,Blacklisted merchant
1c03bfa8-a724-4ac3-a1d4-8168960161e0,2025-01-24T13:53:30.051440,1950.29,FSNU71756551256746,transfer,0.77,High transaction amount (>95th percentile)
c2b3fa0f-12b9-4509-b4d2-878ee51c56bd,2025-04-10T04:16:03.691159,52458.04,FSNU71756551256746,withdrawal,0.8,High transaction amount (>95th percentile)
d16a55be-5903-4b6b-bb40-471f09350633,2025-04-10T05:12:39.287446,52458.04,FSNU71756551256746,withdrawal,0.88,High transaction amount (>95th percentile)
90ca6e26-0f1d-4244-a5d8-ec689e9ca940,2025-04-10T06:23:21.290442,52458.04,FSNU71756551256746,withdrawal,0.77,High transaction amount (>95th percentile)
4edf8577-072e-4254-a965-ab63ba86b075,2025-01-06T06:30:53.806018,500.27,YSMP05466889373467,withdrawal,0.77,Closing balance < ₹1000
4741a9d2-a325-4717-9992-4977874013c9,2025-01-21T11:40:12.243154,67145.08,YSMP05466889373467,withdrawal,0.72,High transaction amount (>95th percentile)
7e945e2f-dfd0-4285-a22b-f263b25c1f81,2025-02-24T20:26:51.503290,1362.19,YSMP05466889373467,purchase,0.89,Closing balance < ₹1000
b9de6b72-b9fb-4862-b689-51f80a492ed3,2025-03-02T11:37:32.234033,130.89,YSMP05466889373467,transfer,0.77,Closing balance < ₹1000
6d23916c-59b8-4962-8621-561922a08dd8,2025-03-26T06:49:51.558208,1000.5,YSMP05466889373467,transfer,0.97,Closing balance < ₹1000
ef5cbf21-bc6a-4fbf-91b8-a7fcaffadf1b,2025-03-16T12:11:24.224425,59105.31,VZUE70289517187026,payment,0.96,High transaction amount (>95th percentile)
de2f1c79-bb9d-4f65-aa5a-53e8ecfe8da8,2025-03-16T12:53:55.186049,59105.31,VZUE70289517187026,payment,0.72,High transaction amount (>95th percentile)
68c9b4cf-3033-4717-83a8-da9ed8398cf2,2025-03-16T13:47:02.015676,59105.31,VZUE70289517187026,payment,0.77,High transaction amount (>95th percentile)
b265abf3-ca5f-4ab1-8e58-e135c6a573ab,2025-02-19T04:57:51.031847,1960.59,ITUS85698478961183,deposit,0.9,High transaction amount (>95th percentile)
3fd7b2d4-56c5-4030-8a81-846f850ea347,2025-03-30T23:57:07.379075,55265.17,VSPQ40369003432445,purchase,0.76,High transaction amount (>95th percentile)
e4fe5715-75d7-4233-80b4-e89c0e9a6240,2025-01-01T02:51:56.030583,1684.76,HUIY87347143455812,withdrawal,0.74,Closing balance < ₹1000
d3076adc-d060-4057-8c73-2824208cf580,2025-01-01T02:52:00.118484,1684.76,HUIY87347143455812,withdrawal,0.98,Closing balance < ₹1000
bee755f6-70cc-4c1c-b290-a5a329af3361,2025-01-01T02:52:05.225360,1684.76,HUIY87347143455812,withdrawal,0.87,Closing balance < ₹1000
c783517a-3017-4510-884c-f5a5a82bed9f,2025-01-02T15:41:07.267323,1260.93,HUIY87347143455812,transfer,0.84,Closing balance < ₹1000
b72b676a-25ce-4322-b739-bd5aeb0d6f8a,2025-01-09T10:08:20.760301,886.22,HUIY87347143455812,transfer,0.94,Closing balance < ₹1000
16ee541e-d198-418a-9503-d91588e675ae,2025-01-09T10:13:09.123992,886.22,HUIY87347143455812,transfer,0.94,Closing balance < ₹1000
00e4d296-0675-4556-b8de-58eedeab43f4,2025-01-09T10:19:09.366948,886.22,HUIY87347143455812,transfer,0.76,Closing balance < ₹1000
9885a704-ca72-4fef-9310-2bd1c337ce10,2025-01-25T21:49:10.433992,92568.86,HUIY87347143455812,transfer,0.73,Closing balance < ₹1000; High transaction amount (>95th percentile)
887fb1e3-1a27-4465-b03d-ef4e34bb533f,2025-01-25T22:03:23.259875,92568.86,HUIY87347143455812,transfer,0.83,Closing balance < ₹1000; High transaction amount (>95th percentile)
aafd32dd-f8be-4f1c-a070-7da666b6ca2b,2025-01-25T22:21:08.666255,92568.86,HUIY87347143455812,transfer,0.83,Closing balance < ₹1000; High transaction amount (>95th percentile)
82b1bc96-a637-4b91-a56b-b09f379bdcad,2025-02-02T21:31:41.901402,813.04,HUIY87347143455812,purchase,0.84,Foreign transaction from high-risk country
077d488c-bc54-4678-9e13-0c72a8d7603d,2025-02-02T21:50:28.211436,813.04,HUIY87347143455812,purchase,0.92,Foreign transaction from high-risk country
1ae53b1b-5345-4a29-bf35-e00f356d1c69,2025-02-02T22:13:55.272268,813.04,HUIY87347143455812,purchase,0.9,Foreign transaction from high-risk country
f7ab5c60-336d-4041-81f3-82d227f2ba2f,2025-02-04T00:29:11.509715,60099.99,HUIY87347143455812,withdrawal,1.0,Closing balance < ₹1000; High transaction amount (>95th percentile)
7d2c051a-1482-4eec-817a-348b83660691,2025-02-10T23:30:24.734639,1030.22,HUIY87347143455812,withdrawal,0.73,Closing balance < ₹1000
f2efee91-dcdf-42fb-847f-06bc92f286bc,2025-02-10T23:53:47.766865,1030.22,HUIY87347143455812,withdrawal,0.82,Closing balance < ₹1000
835bc451-707b-43f2-a7a7-4d3459499b01,2025-02-11T00:23:00.527324,1030.22,HUIY87347143455812,withdrawal,0.8,Closing balance < ₹1000
ca322657-3950-43bd-91c9-56c64c2a8424,2025-02-28T21:06:45.740013,779.13,HUIY87347143455812,deposit,0.96,Closing balance < ₹1000
655d2eb8-a60d-4992-a357-dfdd46b82061,2025-02-28T21:40:21.631030,779.13,HUIY87347143455812,deposit,0.77,Closing balance < ₹1000
588c59ab-2437-4bb7-8f62-79ec0ea455bf,2025-02-28T22:22:20.015138,779.13,HUIY87347143455812,deposit,0.76,Closing balance < ₹1000
9403e4ae-dd09-42ba-84b9-2b92c6bdd73f,2025-03-09T08:10:14.596308,981.47,HUIY87347143455812,deposit,0.83,Closing balance < ₹1000
5ab30de4-be34-4bc4-bdd1-ccea95d0e5de,2025-03-09T08:48:40.161905,981.47,HUIY87347143455812,deposit,0.83,Closing balance < ₹1000
291f84a4-9d69-48d5-8cf7-237ac9fead45,2025-03-09T09:36:40.426618,981.47,HUIY87347143455812,deposit,0.78,Closing balance < ₹1000
d54e06da-b9d5-4ab6-8f50-1efa69a537ae,2025-03-11T05:46:55.028808,313.78,HUIY87347143455812,purchase,0.77,Closing balance < ₹1000
c6db0224-2387-48b9-b14a-481c7fcae267,2025-03-16T10:04:57.334860,1382.55,HUIY87347143455812,deposit,0.98,Closing balance < ₹1000
6a7090ca-e0d6-4def-9017-6c60ea4574aa,2025-03-16T10:47:25.290051,1382.55,HUIY87347143455812,deposit,0.83,Closing balance < ₹1000
eca379ad-262a-4e4f-b8a4-5579eb482b8c,2025-03-16T11:40:28.363844,1382.55,HUIY87347143455812,deposit,0.96,Closing balance < ₹1000
70541d36-dfac-4da3-9439-3b3f9af15978,2025-03-20T12:32:35.120032,341.44,HUIY87347143455812,deposit,0.87,Closing balance < ₹1000
1f608998-4088-4929-9e78-ad073d3ec58a,2025-03-20T13:17:23.535094,341.44,HUIY87347143455812,deposit,0.72,Closing balance < ₹1000
f93d4d7a-ae91-4d50-8df0-ab88561d8df1,2025-03-20T14:13:22.080629,341.44,HUIY87347143455812,deposit,1.0,Closing balance < ₹1000
f51211ec-c043-425b-9a93-d71161bbd5d4,2025-03-23T00:33:31.713251,574.4,HUIY87347143455812,withdrawal,0.95,Closing balance < ₹1000
7fee9866-7e70-430e-b43b-7447b0e26d1a,2025-03-23T01:19:45.744380,574.4,HUIY87347143455812,withdrawal,0.99,Closing balance < ₹1000
8925f119-f9a8-437b-b5dd-05760c5e3f11,2025-03-23T02:17:31.247156,574.4,HUIY87347143455812,withdrawal,0.98,Closing balance < ₹1000
948381f0-4f8e-4081-8aed-89c714dade18,2025-04-01T15:36:32.660568,827.72,HUIY87347143455812,purchase,0.95,Closing balance < ₹1000
9d8e11e1-1373-41f9-97f6-6fb592fdde6c,2025-04-01T16:28:16.298917,827.72,HUIY87347143455812,purchase,0.75,Closing balance < ₹1000
02cf4bcb-10d9-4c3b-8599-81af7c1a3451,2025-04-01T17:32:53.568786,827.72,HUIY87347143455812,purchase,0.85,Closing balance < ₹1000
f300e69c-6e55-4a9f-b5ff-406928a799bd,2025-01-31T18:04:02.585633,1961.65,ECPZ45961586578091,transfer,0.76,High transaction amount (>95th percentile)
103cf1de-152c-4f6e-9a30-b781dac067cd,2025-02-09T23:27:58.092201,1953.13,UHDW49190586518506,deposit,0.82,High transaction amount (>95th percentile)
a369030e-50e1-42cf-832e-57fd41fc2709,2025-01-05T22:29:58.480549,1282.87,JAWR24008427109477,purchase,0.72,Closing balance < ₹1000; Foreign transaction from high-risk country
aea4dea5-7f66-4a87-b80d-b714b078c468,2025-01-05T22:32:47.527387,1282.87,JAWR24008427109477,purchase,0.81,Closing balance < ₹1000; Foreign transaction from high-risk country
1f4ed80a-0871-42e5-b50b-44eb0755925c,2025-01-05T22:36:18.711855,1282.87,JAWR24008427109477,purchase,1.0,Closing balance < ₹1000; Foreign transaction from high-risk country
6f2901d5-2800-4778-952c-0ae942571e2d,2025-01-10T00:09:10.912729,1760.87,JAWR24008427109477,payment,0.78,Closing balance < ₹1000
73eae989-55a4-4680-95f9-baf4e0e8b182,2025-01-10T00:14:19.268144,1760.87,JAWR24008427109477,payment,0.94,Closing balance < ₹1000
8901f444-5a94-4325-8de3-f5d4192c37b6,2025-01-10T00:20:44.486079,1760.87,JAWR24008427109477,payment,0.84,Closing balance < ₹1000
6fbf68ef-4efa-469c-99e3-bdf629484ddb,2025-01-13T16:43:08.740491,1967.95,JAWR24008427109477,transfer,0.83,High transaction amount (>95th percentile)
4886c22b-dd6d-4577-a776-802254a2ceb5,2025-01-13T16:50:23.440769,1967.95,JAWR24008427109477,transfer,0.99,High transaction amount (>95th percentile)
16cda347-1d62-4711-8860-fee5172c3cf1,2025-01-13T16:59:26.497046,1967.95,JAWR24008427109477,transfer,1.0,High transaction amount (>95th percentile)
322df6b6-e47f-4ba7-9189-1464b64e867c,2025-01-23T09:11:27.793781,1949.22,JAWR24008427109477,payment,0.87,High transaction amount (>95th percentile)
f273d07e-8712-41c4-b644-d5c126cac51d,2025-02-04T04:24:11.417480,590.68,JAWR24008427109477,withdrawal,0.92,Closing balance < ₹1000
9bfdd2a0-1d37-4791-9232-65b7842c3c40,2025-02-04T04:43:41.772382,590.68,JAWR24008427109477,withdrawal,0.75,Closing balance < ₹1000
42c51cad-3e6c-4a01-8541-da5aff114786,2025-02-04T05:08:03.856972,590.68,JAWR24008427109477,withdrawal,0.79,Closing balance < ₹1000
f1d2ded9-0b30-42c1-b05b-4603edfc5736,2025-02-06T07:29:48.117299,680.4,JAWR24008427109477,payment,0.99,Closing balance < ₹1000
dde8d4ca-9f77-4aa7-abcc-23d58a999cf9,2025-02-06T07:50:31.360219,680.4,JAWR24008427109477,payment,0.87,Closing balance < ₹1000
8c062c1a-650a-462d-9d77-5b558e35f1d3,2025-02-06T08:16:24.501331,680.4,JAWR24008427109477,payment,0.86,Closing balance < ₹1000
4f026d16-0802-4b62-a132-883e5d8605da,2025-02-07T03:02:01.057949,1315.19,JAWR24008427109477,transfer,0.92,Closing balance < ₹1000
bba4d6f0-4ee9-4f4b-b632-cef94f02ddd8,2025-02-07T03:23:12.171483,1315.19,JAWR24008427109477,transfer,0.72,Closing balance < ₹1000
d0be23cc-6560-45f1-8540-416fd7f358bb,2025-02-07T03:49:40.130404,1315.19,JAWR24008427109477,transfer,0.88,Closing balance < ₹1000
fe21dc2e-1569-43a5-b21f-eaa4503d07db,2025-02-27T21:43:23.769405,906.85,JAWR24008427109477,purchase,0.85,Foreign transaction from high-risk country
389d56ed-e869-446c-8196-1ad0fe35e0ef,2025-03-17T21:03:15.710467,901.94,JAWR24008427109477,withdrawal,0.96,Closing balance < ₹1000
7f117452-b503-409a-b5b9-47c7b3dd8511,2025-03-17T21:46:33.555012,901.94,JAWR24008427109477,withdrawal,0.75,Closing balance < ₹1000
6c5640ee-a4c2-43ea-8fc2-c2445c6eb702,2025-03-17T22:40:38.953877,901.94,JAWR24008427109477,withdrawal,0.99,Closing balance < ₹1000
adb4eecf-8d1f-4101-b2be-586ac649e4c1,2025-04-01T02:47:22.595775,11796.2,JAWR24008427109477,withdrawal,0.72,Closing balance < ₹1000; High transaction amount (>95th percentile)
d5eff864-ee1b-45a9-8398-20f3f3ab6dc4,2025-04-01T03:38:47.946383,11796.2,JAWR24008427109477,withdrawal,0.76,Closing balance < ₹1000; High transaction amount (>95th percentile)
f7a67e58-a939-4b81-8c16-8f8972b2025e,2025-04-01T04:43:02.369999,11796.2,JAWR24008427109477,withdrawal,0.88,Closing balance < ₹1000; High transaction amount (>95th percentile)
99d39c54-80b5-482e-a925-879c114edeb9,2025-04-07T03:45:15.445276,1530.15,JAWR24008427109477,payment,0.9,Closing balance < ₹1000
dbe9a2be-7887-4660-8805-7d019ac68455,2025-04-07T04:40:07.596797,1530.15,JAWR24008427109477,payment,0.77,Closing balance < ₹1000
82c6ab37-9425-460b-bd79-994bb3dc2d9a,2025-04-07T05:48:40.369762,1530.15,JAWR24008427109477,payment,0.74,Closing balance < ₹1000
1ea5a281-c0a2-4d1c-9fa4-c71c1a814cf4,2025-01-16T13:00:59.839640,850.49,USGW67632016328708,withdrawal,0.97,Closing balance < ₹1000
027b6136-c71e-49f5-add3-48d53f83beab,2025-02-05T08:42:39.976554,850.28,USGW67632016328708,purchase,0.77,Closing balance < ₹1000
04f943bc-f895-41f0-8ae9-e09c4d211775,2025-03-16T04:33:34.436178,861.96,USGW67632016328708,payment,0.88,Closing balance < ₹1000
7bedaf8d-98ca-4d3a-8a68-01dec5a86855,2025-03-20T16:09:04.025736,78953.63,USGW67632016328708,withdrawal,0.89,Closing balance < ₹1000; High transaction amount (>95th percentile)
ce67ac6f-e732-4b28-953f-7ab729c13811,2025-01-09T11:16:53.323934,1564.92,JSKQ88794705516940,deposit,0.83,Closing balance < ₹1000
44cafb09-6f92-4459-a028-ab87f0f78e1d,2025-01-09T14:00:02.549699,1718.08,JSKQ88794705516940,purchase,0.88,Closing balance < ₹1000; Foreign transaction from high-risk country
4085a024-9d91-4016-8d2b-0301efd8e138,2025-01-12T10:33:03.989536,4007.32,JSKQ88794705516940,withdrawal,0.86,Closing balance < ₹1000; High transaction amount (>95th percentile)
ec29011f-5984-4eda-bd08-504bca68300d,2025-02-06T00:32:31.738828,502.98,JSKQ88794705516940,withdrawal,0.98,Closing balance < ₹1000
8432acda-3adc-413d-81c2-8f180888edde,2025-02-19T13:45:26.868671,582.22,JSKQ88794705516940,withdrawal,0.76,Closing balance < ₹1000
d3d0ea58-d923-4219-8f80-aaaae061a813,2025-02-20T19:07:30.950485,1539.06,JSKQ88794705516940,purchase,0.91,Closing balance < ₹1000
17848aea-d192-41df-b8ee-56bbc4c7ac28,2025-02-22T16:20:30.807439,573.71,JSKQ88794705516940,purchase,0.77,Closing balance < ₹1000
ded33ae8-4528-4940-8eb2-14d6a0e21cc1,2025-03-01T08:21:55.665557,1100.45,JSKQ88794705516940,payment,0.82,Closing balance < ₹1000
6e52eb04-6205-4edf-8bad-71d125c800c1,2025-03-10T23:37:18.587491,1735.04,JSKQ88794705516940,payment,0.9,Closing balance < ₹1000
a8a27f95-17e6-4bfc-9649-00be214e3b6b,2025-03-11T14:32:59.868827,516.9,JSKQ88794705516940,deposit,0.79,Closing balance < ₹1000
69ca8af4-08a3-4951-97f0-823f52fce9d7,2025-03-19T03:33:14.185851,1667.56,JSKQ88794705516940,payment,0.79,Closing balance < ₹1000
be01ecb7-7bf7-446a-83da-c2273b0c6442,2025-03-27T03:22:24.024605,218.5,JSKQ88794705516940,transfer,0.93,Closing balance < ₹1000
60bdbba3-8c11-464b-a7f3-c4afc5635ac7,2025-03-29T14:50:21.210185,1699.44,JSKQ88794705516940,transfer,0.72,Closing balance < ₹1000; Foreign transaction from high-risk country
60ccf963-05b1-4611-9a60-03777caa6ad4,2025-04-02T18:46:14.988444,492.74,JSKQ88794705516940,purchase,0.84,Closing balance < ₹1000
ced36d92-5ef6-49f0-b676-b6751e5706cf,2025-02-19T08:21:32.284091,1960.59,ITUS85698478961183,deposit,1.0,High transaction amount (>95th percentile)
293488ce-5b97-4d5c-9f2d-29e469da23f0,2025-01-13T23:17:29.182864,1198.1,HJWJ71349361832421,payment,1.0,Closing balance < ₹1000
727f1bb1-48b0-4999-a20f-0ca709652a30,2025-01-14T09:28:39.340839,575.43,HJWJ71349361832421,payment,0.72,Closing balance < ₹1000
18ea1381-7031-47c3-aef8-f4fd5303595c,2025-01-17T19:35:09.321583,591.06,HJWJ71349361832421,payment,0.76,Closing balance < ₹1000
04afbf5e-d1ad-4a34-b642-3f951b520461,2025-02-17T06:20:28.510684,61197.44,HJWJ71349361832421,purchase,0.78,Closing balance < ₹1000; High transaction amount (>95th percentile)
0560211c-18ec-406b-ab00-76321ed1db18,2025-02-17T15:17:12.126153,932.08,HJWJ71349361832421,transfer,0.98,Closing balance < ₹1000
a0cbd7c2-1a51-44f1-93c1-404994b5686c,2025-03-22T15:55:45.353480,1897.0,HJWJ71349361832421,payment,0.96,Closing balance < ₹1000
e49c5c11-b88b-474e-9b56-9e52a64684ed,2025-03-23T11:48:02.102714,574.73,HJWJ71349361832421,payment,0.96,Closing balance < ₹1000
f6e2a0c4-90ed-4844-ba6c-af000ae064cf,2025-04-09T03:20:30.901932,794.61,HJWJ71349361832421,purchase,0.81,Closing balance < ₹1000
5a6d4a91-012c-455b-a5a1-ed3d2f936161,2025-02-09T15:21:41.951348,1952.53,LEYR92268018242253,transfer,0.75,High transaction amount (>95th percentile)
37707da8-26e3-4c50-bffc-d277b745ba3d,2025-02-09T15:44:19.126471,1952.53,LEYR92268018242253,transfer,0.95,High transaction amount (>95th percentile)
ac8985bb-de09-43a8-8c6d-fde08310ac65,2025-02-09T16:12:34.599209,1952.53,LEYR92268018242253,transfer,0.91,High transaction amount (>95th percentile)
1ebee3ec-8e5f-4e4b-a815-fd0f1defd9f6,2025-02-22T14:38:04.260720,5303.5,JQVU95134332003791,withdrawal,0.88,Closing balance < ₹1000; High transaction amount (>95th percentile)
6d1c1628-a016-4665-befe-4722ec57e340,2025-02-22T15:08:05.485470,5303.5,JQVU95134332003791,withdrawal,1.0,Closing balance < ₹1000; High transaction amount (>95th percentile)
448dd3a9-edf6-4268-a75f-d97ef55d9b56,2025-02-22T15:45:35.694310,5303.5,JQVU95134332003791,withdrawal,0.9,Closing balance < ₹1000; High transaction amount (>95th percentile)
ded38872-8ad0-4199-b4a6-404eabfff429,2025-01-24T16:29:51.072708,1975.12,HJDB36971179808932,transfer,0.7,High transaction amount (>95th percentile)
cb66d66e-4e69-4000-bc07-75dd2e42fa0f,2025-02-28T14:22:38.337743,56119.93,FGEZ85884247451712,payment,0.95,High transaction amount (>95th percentile)
c684e84d-d2a9-4e1f-ae56-04d06d97cc3c,2025-03-18T12:50:23.716680,1982.02,FGEZ85884247451712,deposit,0.79,High transaction amount (>95th percentile)
c2d5cc1c-ce44-48d2-bca0-3520564b4b26,2025-01-15T17:23:18.850362,319.44,JMTN32595327877470,purchase,0.9,Closing balance < ₹1000
89dd5f51-1c1a-4a0a-a8c2-070bf0ac73dd,2025-01-15T17:31:42.980598,319.44,JMTN32595327877470,purchase,0.98,Closing balance < ₹1000
3d1f26ee-38b3-4dfd-af33-e01566276790,2025-01-15T17:42:12.773363,319.44,JMTN32595327877470,purchase,0.74,Closing balance < ₹1000
3b49f465-96aa-44e8-9828-b19ac10e69ba,2025-01-30T07:38:56.204191,19805.52,JMTN32595327877470,withdrawal,0.73,Closing balance < ₹1000; High transaction amount (>95th percentile); Foreign transaction from high-risk country
269007ec-0b2a-47cc-868d-e0f254663b20,2025-01-30T07:55:40.002107,19805.52,JMTN32595327877470,withdrawal,0.73,Closing balance < ₹1000; High transaction amount (>95th percentile); Foreign transaction from high-risk country
214d5088-2095-408a-b5db-a741f9cbb51f,2025-01-30T08:16:34.012715,19805.52,JMTN32595327877470,withdrawal,0.87,Closing balance < ₹1000; High transaction amount (>95th percentile); Foreign transaction from high-risk country
bf4449a0-89c8-4e20-abbe-6ea05b898fff,2025-02-05T14:39:33.165679,696.12,JMTN32595327877470,payment,0.78,Closing balance < ₹1000
e4b242ad-4239-4953-92a7-811964a17b83,2025-02-05T14:59:52.388903,696.12,JMTN32595327877470,payment,0.88,Closing balance < ₹1000
107bcee1-dcc9-48fe-b7b4-953b4cd20740,2025-02-05T15:25:15.523024,696.12,JMTN32595327877470,payment,0.92,Closing balance < ₹1000
ca36b0a9-75c3-494a-a709-a44571a7ce32,2025-02-18T08:35:43.726559,1496.89,JMTN32595327877470,purchase,0.76,Closing balance < ₹1000
835abe5e-af82-4cd1-b208-6fdf0e2c4635,2025-02-18T09:03:19.386431,1496.89,JMTN32595327877470,purchase,0.89,Closing balance < ₹1000
005eaf5e-8b69-47c5-92b6-c70d3887f6ec,2025-02-18T09:37:47.746018,1496.89,JMTN32595327877470,purchase,0.78,Closing balance < ₹1000
50b1c5ea-e17b-4023-8828-1044fd57901e,2025-03-28T17:27:36.909140,1040.6,JMTN32595327877470,withdrawal,0.85,Closing balance < ₹1000; Blacklisted merchant
f33c595b-2360-4b5a-9c12-0eb45aedec44,2025-03-28T18:17:06.238485,1040.6,JMTN32595327877470,withdrawal,0.97,Closing balance < ₹1000; Blacklisted merchant
fa9778d5-b851-4ed6-9471-33e7a354bba4,2025-03-28T19:18:55.720682,1040.6,JMTN32595327877470,withdrawal,0.95,Closing balance < ₹1000; Blacklisted merchant
3f769084-94b2-4c1f-a18d-b3af8ef8649c,2025-01-04T18:08:33.753912,1030.22,DHMS59440640909743,withdrawal,0.73,Foreign transaction from high-risk country
fe9632eb-5363-49da-b211-fe38f5eb4266,2025-01-01T20:13:24.635200,62109.17,MWHJ95788568557444,withdrawal,0.83,Closing balance < ₹1000; High transaction amount (>95th percentile)
1be5ce27-cbd5-4cfc-b261-24aeeddbaa03,2025-01-02T19:50:31.727848,756.04,MWHJ95788568557444,withdrawal,0.78,Closing balance < ₹1000
42805068-4a36-41dd-b900-c290ef608c4a,2025-01-09T23:18:00.264889,1760.87,MWHJ95788568557444,payment,0.7,Closing balance < ₹1000
c1c5e584-fc27-4c05-a138-df7b260846e3,2025-02-16T06:14:46.656234,217.41,MWHJ95788568557444,payment,0.93,Closing balance < ₹1000
a3a20272-21c6-4298-8aa5-b6df72632114,2025-03-24T17:33:02.359621,1127.55,MWHJ95788568557444,purchase,0.89,Closing balance < ₹1000
a73bc7df-11f6-48b6-9df9-649c49e00cc9,2025-01-07T13:26:54.266787,1635.12,DSQG27315851493689,deposit,0.78,Closing balance < ₹1000
efc01362-7718-4d98-83f5-aa703b79f48e,2025-01-07T14:27:36.735932,1004.08,DSQG27315851493689,purchase,0.92,Closing balance < ₹1000
58db6dc6-5f93-4f7e-9e07-1ca94892bb7e,2025-01-10T00:39:44.749275,1471.07,DSQG27315851493689,withdrawal,0.87,Closing balance < ₹1000
fd89bb13-2d98-4a00-8a1f-6081230eb91d,2025-01-22T01:57:38.148130,65693.9,DSQG27315851493689,withdrawal,0.83,Closing balance < ₹1000; High transaction amount (>95th percentile)
20b56346-1f22-469c-b106-cc481c39d5d5,2025-01-29T23:22:53.960745,926.18,DSQG27315851493689,withdrawal,0.7,Closing balance < ₹1000
00cc03e8-27a4-4e3e-acdb-d630c7031046,2025-02-11T17:08:39.777405,865.49,DSQG27315851493689,purchase,0.72,Closing balance < ₹1000
29939f46-4598-4fef-b4aa-9f6c5061482b,2025-02-17T06:36:12.156326,1858.52,DSQG27315851493689,payment,0.96,Closing balance < ₹1000
f75e95a0-7403-4743-8045-308435a01dbb,2025-03-01T04:47:10.269367,1650.73,DSQG27315851493689,payment,0.97,Closing balance < ₹1000
1d704bc3-4a19-4cc5-826c-1a85f36bde5f,2025-03-18T08:50:37.357552,1038.61,DSQG27315851493689,purchase,0.86,Closing balance < ₹1000
521a1a0f-84a2-4f97-971e-637020093814,2025-04-08T13:46:24.342916,980.75,DSQG27315851493689,deposit,0.95,Closing balance < ₹1000
6b2a2cdd-45ac-4dd8-bce3-249ad92a7b9e,2025-02-06T17:32:06.454870,1157.95,JFGK73322141888059,purchase,0.87,Closing balance < ₹1000
b71eaf3e-ed63-41ec-8fa2-b66a3d54ecc4,2025-02-08T01:11:10.242128,574.4,JFGK73322141888059,withdrawal,0.74,Closing balance < ₹1000
bd19d607-9c23-4726-b019-a3c26b5d6426,2025-02-10T21:17:35.441027,71068.85,JFGK73322141888059,purchase,0.74,Closing balance < ₹1000; High transaction amount (>95th percentile)
6a9972fd-214b-41b9-a25b-de83008f343a,2025-02-19T16:10:58.368138,1295.76,JFGK73322141888059,transfer,0.79,Closing balance < ₹1000
04ec8c3b-6487-4066-a070-7ea09117197c,2025-02-28T08:23:43.584501,154.72,JFGK73322141888059,payment,0.97,Closing balance < ₹1000
4371df93-5828-414b-8813-582c82179fa0,2025-03-14T02:15:44.653902,1296.51,JFGK73322141888059,transfer,0.94,Closing balance < ₹1000
2eb7298f-d957-4884-b562-64b1d1a8d02b,2025-03-28T22:43:01.629238,221.6,JFGK73322141888059,transfer,0.96,Closing balance < ₹1000
21d03232-4a8d-4f64-9b7a-ffdf8f64635d,2025-03-30T05:15:11.821295,768.55,JFGK73322141888059,purchase,0.97,Closing balance < ₹1000
69c98de5-47fe-4a9d-bcd9-be2bd208a5a7,2025-04-01T00:33:06.830625,778.12,JFGK73322141888059,payment,0.76,Closing balance < ₹1000
fda05d7d-d4bd-4fcc-a4c2-2494f3deec2e,2025-04-01T20:44:10.469845,1211.99,JFGK73322141888059,withdrawal,0.77,Closing balance < ₹1000
af48eb56-c3f5-4c56-bc11-264cda1a19cc,2025-04-02T18:52:27.194472,245.87,JFGK73322141888059,deposit,0.73,Closing balance < ₹1000
f42ffa4d-5d3e-4d3e-bf10-decf1382d01d,2025-03-09T07:38:04.347176,1946.37,YILU86850142940196,payment,0.93,High transaction amount (>95th percentile)
f8d001f4-cc74-4d44-87cc-69ad01f74bef,2025-01-02T15:47:57.952684,1260.93,HUIY87347143455812,transfer,0.97,Closing balance < ₹1000
57907731-7929-4af2-ac6c-4d288308732d,2025-02-04T02:50:00.951324,60099.99,HUIY87347143455812,withdrawal,0.82,Closing balance < ₹1000; High transaction amount (>95th percentile)
8b593f3a-ae61-42f3-a066-00d0ba933c5c,2025-03-11T10:33:32.041924,313.78,HUIY87347143455812,purchase,0.89,Closing balance < ₹1000
69487aa7-ff20-4bf2-af2e-24ae58df6580,2025-01-16T19:59:35.729760,1088.44,JYJW37575844198665,deposit,0.75,Closing balance < ₹1000
3f4929e7-24f5-41df-918a-b15834cf5be9,2025-03-07T13:19:40.417013,1674.97,JYJW37575844198665,transfer,0.98,Closing balance < ₹1000
c022f00c-245b-4e84-bfd6-4777d0df3c9e,2025-03-08T08:14:26.790394,1774.91,JYJW37575844198665,deposit,0.96,Closing balance < ₹1000
237dc2b4-b6bf-43a6-b25f-b6fb2f7635e3,2025-03-11T12:14:52.801908,776.74,JYJW37575844198665,transfer,0.99,Closing balance < ₹1000
d41eab22-0425-429a-9aea-6683c5675b41,2025-03-11T19:21:47.368468,1132.97,JYJW37575844198665,purchase,0.94,Closing balance < ₹1000
980e3f89-90e9-42bc-883e-527c9aed0fae,2025-04-06T03:15:53.380050,90601.85,JYJW37575844198665,transfer,0.96,Closing balance < ₹1000; High transaction amount (>95th percentile)
27fb61ab-e839-488b-bba5-b87b074af463,2025-01-04T18:24:06.599135,1030.22,DHMS59440640909743,withdrawal,0.71,Foreign transaction from high-risk country
45d12ffb-57a9-4426-ac1b-bed5778914b4,2025-01-08T20:53:04.262959,70636.52,XTKS00109439690784,transfer,0.92,High transaction amount (>95th percentile)
7c64efb6-edf8-4a9e-b6a7-e2f37dec9dd4,2025-01-08T20:57:33.718183,70636.52,XTKS00109439690784,transfer,0.8,High transaction amount (>95th percentile)
96687304-99e3-41f7-b3ae-d8c74657a4ef,2025-01-08T21:03:10.339435,70636.52,XTKS00109439690784,transfer,0.98,High transaction amount (>95th percentile)
9c384498-cc73-4c47-8d1e-0f4f145bcb5f,2025-02-25T11:33:18.123258,84935.31,JPDD38267586926179,withdrawal,0.94,High transaction amount (>95th percentile)
970a6dcb-c803-4201-8c50-336ae8e9cbe7,2025-03-17T23:10:50.840117,1817.07,JPDD38267586926179,transfer,0.96,Closing balance < ₹1000
3d387743-24e8-42b7-aed1-d27016756298,2025-02-10T02:13:27.163649,1953.13,UHDW49190586518506,deposit,0.94,High transaction amount (>95th percentile)
46300d7b-2f41-437c-bf86-7c1ae2935b31,2025-01-18T19:08:56.704377,1962.76,LHUG94210470952145,transfer,0.78,High transaction amount (>95th percentile)
8b626068-4fe3-407f-be05-224058f509d3,2025-03-16T06:19:34.020495,52262.92,WKXL62588153714732,withdrawal,0.94,High transaction amount (>95th percentile)
b0d7dd90-2201-4f3f-a591-154a17f6fc72,2025-03-11T21:11:24.016201,1443.65,PUOY03482477109324,payment,0.73,Foreign transaction from high-risk country
d90961f2-0692-416c-8ee6-d11567210a74,2025-03-27T19:12:19.272925,27562.29,PUOY03482477109324,withdrawal,0.96,High transaction amount (>95th percentile)
3bf4ef06-9466-4f75-baf3-1f8c81e3b15c,2025-02-02T07:34:17.842302,1442.03,TWIR08313678377701,transfer,0.96,Blacklisted merchant
7e84d2cc-583e-4694-9d57-9171a40d6971,2025-02-02T16:47:23.602283,613.86,TWIR08313678377701,withdrawal,0.77,Foreign transaction from high-risk country
68cffd20-ec4d-46c0-8069-c64588ff2cf8,2025-02-16T18:05:27.044904,1995.42,TWIR08313678377701,withdrawal,0.94,Closing balance < ₹1000; High transaction amount (>95th percentile)
22661325-bc69-4c63-8787-e1b5ea57aaa4,2025-02-07T01:30:20.309896,1335.93,IXLY65060983584168,payment,0.84,Blacklisted merchant
fd55f1e8-0276-48a7-aa3b-706158a8b3b5,2025-02-22T20:15:42.736699,76815.97,TWNF75705964016582,transfer,0.79,High transaction amount (>95th percentile)
df735c16-2481-441a-bf1f-63e5ee5ee4c2,2025-01-15T17:12:21.823315,1957.09,BBEW57872982595269,purchase,0.94,High transaction amount (>95th percentile)
6dbac06c-4f4c-496a-a0ed-3d15af88c114,2025-02-01T11:38:20.084443,505.12,BBEW57872982595269,purchase,0.77,Blacklisted merchant
e257d4d5-cf8c-4bee-970c-8dfd23ba4136,2025-02-01T11:56:18.049200,505.12,BBEW57872982595269,purchase,0.71,Blacklisted merchant
8af8a14d-ddde-4dd3-ae63-83b8f508b7f9,2025-02-01T12:18:44.713922,505.12,BBEW57872982595269,purchase,0.76,Blacklisted merchant
cd177068-2f1a-46e2-8268-ce653276c7fb,2025-03-11T03:31:24.495808,1987.87,SNSM64160529751613,purchase,0.8,High transaction amount (>95th percentile)
d3508c0a-e983-4b44-834e-51dab48b3546,2025-01-10T02:04:40.624459,38.7,DOEZ78895798687277,withdrawal,0.96,Blacklisted merchant
18c59ee9-bff6-4cf6-9853-3a4657a4d53d,2025-01-21T02:50:46.203693,1999.21,POUJ49058147700541,payment,0.99,High transaction amount (>95th percentile)
e8729276-c375-41f5-94f6-8387e291ec1d,2025-01-08T07:27:57.543224,86335.59,ZZPG59774688623924,withdrawal,0.78,High transaction amount (>95th percentile)
59896b12-531f-4469-ba2c-470e6b5cf770,2025-01-18T20:22:37.072764,1962.76,LHUG94210470952145,transfer,0.89,High transaction amount (>95th percentile)
b9fd8560-66ba-4402-b124-edcf256f5920,2025-01-16T13:12:33.717905,1282.38,CTTQ67980793597820,transfer,0.82,Closing balance < ₹1000
7dc973a4-6164-4353-becd-2a70e9528c16,2025-01-16T13:21:26.123710,1282.38,CTTQ67980793597820,transfer,0.99,Closing balance < ₹1000
08d69a55-d4f9-452c-9422-3756f79538d7,2025-01-16T13:32:31.240182,1282.38,CTTQ67980793597820,transfer,0.86,Closing balance < ₹1000
c88c1190-b57b-492a-a143-dd0d9c72524e,2025-01-29T21:47:58.597002,67578.25,CTTQ67980793597820,transfer,0.98,High transaction amount (>95th percentile)
e2641daf-2c4a-43bd-ada7-26c6df85e556,2025-01-29T22:04:28.344243,67578.25,CTTQ67980793597820,transfer,0.73,High transaction amount (>95th percentile)
48a84dda-ce27-4435-906f-c6ec86253164,2025-01-29T22:25:04.801821,67578.25,CTTQ67980793597820,transfer,0.99,High transaction amount (>95th percentile)
ce85da5d-905a-4612-84ae-528e0d742ed8,2025-01-21T11:07:05.255085,1989.39,PLZQ41616928451154,payment,0.75,High transaction amount (>95th percentile)
fb05c680-897a-42ac-8c7f-81a2856990fc,2025-02-11T09:19:28.445017,10058.97,PLZQ41616928451154,withdrawal,0.99,Closing balance < ₹1000; High transaction amount (>95th percentile)
e55ed44d-f3c8-4865-bae7-e344011761b2,2025-03-25T06:19:57.004962,1985.75,PLZQ41616928451154,withdrawal,0.78,High transaction amount (>95th percentile)
41fef5a8-85a2-4a96-8475-4b216c8b0052,2025-03-25T07:07:27.747526,1985.75,PLZQ41616928451154,withdrawal,0.73,High transaction amount (>95th percentile)
b97635bc-cf68-418d-a67c-8bff40cbc673,2025-03-25T08:06:49.083290,1985.75,PLZQ41616928451154,withdrawal,0.83,High transaction amount (>95th percentile)
498d963e-8510-4e60-a676-abe124f8e999,2025-03-09T03:00:12.816166,1946.37,YILU86850142940196,payment,0.92,High transaction amount (>95th percentile)
383506f2-1705-4702-a38d-904493d8a839,2025-03-29T12:09:45.315182,1992.3,YILU86850142940196,withdrawal,0.79,High transaction amount (>95th percentile)
0d474e59-4c8d-4d6a-85b5-35e595fdc767,2025-03-29T12:59:41.324543,1992.3,YILU86850142940196,withdrawal,0.88,High transaction amount (>95th percentile)
d860080b-cf8f-4e38-bdf3-088b9b24663b,2025-03-29T14:02:04.137176,1992.3,YILU86850142940196,withdrawal,0.85,High transaction amount (>95th percentile)
0b15cf49-91df-4b2b-931f-833e64d46718,2025-02-02T12:13:25.757941,1994.34,JMRA44369957773872,purchase,0.82,High transaction amount (>95th percentile)
207e75b4-0c63-4442-b478-eef0b75e5ea3,2025-02-11T14:47:26.064849,1878.65,JMRA44369957773872,deposit,0.87,Foreign transaction from high-risk country
43475fb3-1a99-4312-b79b-77bd57352202,2025-02-11T15:11:10.900205,1878.65,JMRA44369957773872,deposit,0.78,Foreign transaction from high-risk country
04f5f0cf-3a0b-49cf-8925-2aa629e11b6f,2025-02-11T15:40:50.898572,1878.65,JMRA44369957773872,deposit,0.91,Foreign transaction from high-risk country
9e268d92-7e87-4ef5-8267-4ffe6b7925ca,2025-02-21T05:03:29.514416,46804.12,BUML40515319520585,withdrawal,0.7,High transaction amount (>95th percentile)
bbb9c970-9803-423f-a2d1-036b4a6d8bb4,2025-02-08T10:25:52.374745,1202.82,RBOC54516808760385,withdrawal,0.98,Blacklisted merchant
d8938dc9-e4fc-4c4f-81ca-06f13da50b66,2025-02-08T10:47:48.278843,1202.82,RBOC54516808760385,withdrawal,0.86,Blacklisted merchant
eca6570d-fa20-421a-a93e-1ecf77a29e8f,2025-02-08T11:15:12.193093,1202.82,RBOC54516808760385,withdrawal,0.92,Blacklisted merchant
e3f4f745-3b74-461f-a245-12febdeaa9f3,2025-03-26T16:40:42.423150,1975.12,RBOC54516808760385,transfer,0.92,High transaction amount (>95th percentile)
0ceb2347-d95d-4407-bf25-e513f5daee20,2025-03-26T17:29:02.162295,1975.12,RBOC54516808760385,transfer,0.9,High transaction amount (>95th percentile)
37378a75-bed4-4c2c-9911-c63b2d99e748,2025-03-26T18:29:24.707821,1975.12,RBOC54516808760385,transfer,0.81,High transaction amount (>95th percentile)
28a1a644-bd25-4d31-bf9f-a6de5e8f25ef,2025-02-16T15:34:38.937705,66803.12,LHUC00330923271937,withdrawal,0.72,High transaction amount (>95th percentile)
aa338c43-7e3f-4681-8d7b-33fc0db31978,2025-02-16T16:01:16.082916,66803.12,LHUC00330923271937,withdrawal,0.9,High transaction amount (>95th percentile)
1aac0a9b-677b-49e3-b8a7-aa2ff74dbcd2,2025-02-16T16:34:31.342126,66803.12,LHUC00330923271937,withdrawal,0.8,High transaction amount (>95th percentile)
ba12b26f-4f1e-4bd5-a182-1c3f4cc87b42,2025-03-18T08:05:36.469414,1961.65,LHUC00330923271937,transfer,0.79,High transaction amount (>95th percentile)
82be5fe4-fccb-4576-95d0-cbc0e9a82151,2025-03-18T08:49:10.061904,1961.65,LHUC00330923271937,transfer,0.95,High transaction amount (>95th percentile)
093da492-de5a-444e-a57b-c1d398707548,2025-03-18T09:43:35.134143,1961.65,LHUC00330923271937,transfer,0.92,High transaction amount (>95th percentile)
92ef7ac8-1143-45b0-bb72-587400dacc82,2025-02-25T15:22:57.770674,84935.31,JPDD38267586926179,withdrawal,0.79,High transaction amount (>95th percentile)
a0d3bf3b-616f-4961-9f83-adebb53d3d0e,2025-03-18T04:25:18.095170,1817.07,JPDD38267586926179,transfer,0.79,Closing balance < ₹1000
d9c2357e-cae4-4d73-8fed-de6e6b599f98,2025-02-07T22:29:38.313611,1985.75,HQNS22219693792374,withdrawal,0.82,High transaction amount (>95th percentile)
fc4550b0-da35-425a-8249-da1f67539d92,2025-02-19T05:34:27.838435,1950.87,HQNS22219693792374,withdrawal,0.82,High transaction amount (>95th percentile)
c5660a6a-3f85-4e18-bd9f-d50344795e83,2025-02-19T06:02:33.426009,1950.87,HQNS22219693792374,withdrawal,0.79,High transaction amount (>95th percentile)
c6d383a0-34df-46b9-b012-863e3ca3b8eb,2025-02-19T06:37:39.173258,1950.87,HQNS22219693792374,withdrawal,0.74,High transaction amount (>95th percentile)
1f663843-e183-4e53-8b52-7ea9c10d623c,2025-01-25T23:13:42.319219,1326.85,PLKR86753396360576,withdrawal,0.83,Blacklisted merchant
5d1a2667-e734-4d59-ac03-785ddad0941f,2025-01-12T18:04:51.368585,1954.77,XGKD82337498941343,payment,0.98,High transaction amount (>95th percentile)
f86c46de-8b33-4b0b-a7ac-26801902819d,2025-01-30T14:08:28.965523,1989.28,XGKD82337498941343,deposit,0.9,High transaction amount (>95th percentile)
14cd3a16-7757-4860-a50f-44d2812a1806,2025-01-30T14:25:22.025289,1989.28,XGKD82337498941343,deposit,0.97,High transaction amount (>95th percentile)
2ac92657-95b8-4d22-9ffe-56e955d6e4e3,2025-01-30T14:46:27.606412,1989.28,XGKD82337498941343,deposit,0.88,High transaction amount (>95th percentile)
e884f354-ea29-4755-add4-44e8118530e5,2025-02-07T10:35:07.595549,1120.39,XGKD82337498941343,withdrawal,0.79,Closing balance < ₹1000
44660d96-cc01-431b-a07b-3662cf3f4359,2025-02-11T16:36:35.211856,1983.72,XGKD82337498941343,purchase,0.86,High transaction amount (>95th percentile); Foreign transaction from high-risk country
bca6fd30-7c69-424a-bc69-0bba0f443807,2025-02-11T17:00:22.642422,1983.72,XGKD82337498941343,purchase,0.7,High transaction amount (>95th percentile); Foreign transaction from high-risk country
f54be83e-dcb0-4689-bccd-13065a578511,2025-02-11T17:30:05.882896,1983.72,XGKD82337498941343,purchase,0.79,High transaction amount (>95th percentile); Foreign transaction from high-risk country
32e13ff5-8d75-4685-bcc2-c4ba050a2854,2025-03-10T04:27:16.711767,74143.76,XGKD82337498941343,withdrawal,0.83,High transaction amount (>95th percentile)
495ef100-2508-4768-bf57-a000e4d424cf,2025-03-13T01:53:53.234382,1718.13,XGKD82337498941343,withdrawal,0.87,Closing balance < ₹1000
9a1b5cd2-42f6-473e-935f-915f8f496dd5,2025-01-13T23:38:26.343063,1993.91,OCVG90053293183933,transfer,0.9,High transaction amount (>95th percentile)
25967442-c348-41f7-adad-710c6d9f6208,2025-02-18T04:47:39.476105,425.51,OCVG90053293183933,purchase,0.84,Closing balance < ₹1000
a08af756-21fd-486b-871d-d7dafd703b7b,2025-03-08T07:29:42.724814,5413.61,OCVG90053293183933,withdrawal,0.83,Closing balance < ₹1000; High transaction amount (>95th percentile)
c1bf9675-9f87-401b-b243-9db60223cd1b,2025-04-10T06:31:17.547972,780.83,OCVG90053293183933,payment,0.76,Closing balance < ₹1000
e14679df-503a-439d-8892-d0848d34b574,2025-02-11T18:58:04.358520,1878.2,QJCI38424981829922,payment,0.84,Foreign transaction from high-risk country
9d3e0e7a-4bd2-4601-9815-bb7c04b8a58b,2025-04-06T08:20:32.855018,1753.4,QJCI38424981829922,withdrawal,0.97,Blacklisted merchant
c3d650ec-2218-4be4-97d1-f9fc6e747042,2025-01-17T12:50:48.977869,1878.65,IUZY99309728962309,deposit,0.94,Foreign transaction from high-risk country
02dbce7a-bfbe-43bd-ad8e-e46815762839,2025-02-11T01:58:47.941524,56613.44,IUZY99309728962309,withdrawal,0.75,High transaction amount (>95th percentile)
a3e11964-792a-4663-8395-7d05fb0cc773,2025-03-22T12:54:44.961618,1040.6,IUZY99309728962309,withdrawal,0.73,Closing balance < ₹1000
ea999ae1-b358-4bdf-8cac-a9d786a98a63,2025-01-12T14:57:48.334122,1945.26,FBIP11671902294131,purchase,0.85,High transaction amount (>95th percentile)
d4780669-f655-4984-b4c3-c9aea5ac3993,2025-02-21T23:58:47.832901,717.49,FBIP11671902294131,withdrawal,0.89,Closing balance < ₹1000
0ea26d2b-afc0-409c-8e51-6305a64cd65d,2025-02-28T21:50:15.123089,1877.15,FBIP11671902294131,transfer,0.8,Closing balance < ₹1000
bb9d6ded-2999-4212-9b14-2b46ee8c4abd,2025-02-22T23:54:27.392435,76815.97,TWNF75705964016582,transfer,0.95,High transaction amount (>95th percentile)
19f41391-7ed3-4156-a55a-44c35a72084d,2025-02-08T18:40:42.926335,298.96,EZTA42284210205395,payment,0.93,Foreign transaction from high-risk country
88be1606-97e1-47f6-ab52-513739be8fbf,2025-01-08T14:43:33.691234,1877.15,JFGK73322141888059,transfer,0.9,Closing balance < ₹1000
9b6ba1a7-419c-4c07-bbd5-86174dc91471,2025-01-08T14:47:54.360996,1877.15,JFGK73322141888059,transfer,0.77,Closing balance < ₹1000
13d8a86a-260e-42f2-992f-7c6e8ba6b5bf,2025-01-08T14:53:20.006868,1877.15,JFGK73322141888059,transfer,0.76,Closing balance < ₹1000
e0362995-6e25-4c53-bfb0-66cbca0eaa5c,2025-01-10T15:08:37.258698,800.47,JFGK73322141888059,deposit,0.71,Closing balance < ₹1000
f394948c-316a-463a-a8aa-b2703e02de54,2025-01-10T15:14:06.999187,800.47,JFGK73322141888059,deposit,0.77,Closing balance < ₹1000
c03593d4-e15d-48ae-b92d-bf5df88b0181,2025-01-10T15:20:58.932769,800.47,JFGK73322141888059,deposit,0.84,Closing balance < ₹1000
ed6b088c-b067-41d4-bcda-ed5bed8f0a47,2025-01-12T08:23:23.845527,1523.65,JFGK73322141888059,withdrawal,0.95,Closing balance < ₹1000
d1732285-bb07-4c3f-9e60-d0b8d0148153,2025-01-12T08:29:52.426329,1523.65,JFGK73322141888059,withdrawal,0.72,Closing balance < ₹1000
38aa692d-b051-4695-acff-c0ab0aba55c4,2025-01-12T08:37:57.867112,1523.65,JFGK73322141888059,withdrawal,0.82,Closing balance < ₹1000
92847dab-d3f8-4f35-98e1-891fc4a2d40e,2025-01-16T04:41:52.279397,180.0,JFGK73322141888059,purchase,0.89,Closing balance < ₹1000
9d8cecb0-54ff-4aed-aa3b-f89fcbcd3ed3,2025-01-16T04:50:32.543016,180.0,JFGK73322141888059,purchase,0.76,Closing balance < ₹1000
a0ab0edc-84ca-41ee-ab1d-979440fa8c58,2025-01-16T05:01:22.490667,180.0,JFGK73322141888059,purchase,0.91,Closing balance < ₹1000
7379932f-831f-42fe-87e0-d049b8d5e78c,2025-02-04T18:39:19.956149,1807.29,JFGK73322141888059,purchase,0.85,Closing balance < ₹1000
afca3491-832a-4506-8ce1-7268e5113e39,2025-02-04T18:59:10.642925,1807.29,JFGK73322141888059,purchase,0.77,Closing balance < ₹1000
d7d9b248-9fe0-43e0-8230-a45b3d1c04cb,2025-02-04T19:23:58.127432,1807.29,JFGK73322141888059,purchase,0.9,Closing balance < ₹1000
3fed9398-4890-4e95-9bb6-6b0e5d656d3e,2025-02-06T15:00:30.004019,1157.95,JFGK73322141888059,purchase,0.7,Closing balance < ₹1000
8e4d5771-56c0-43d3-be94-29b1e6d6d4a1,2025-02-07T22:34:07.188025,574.4,JFGK73322141888059,withdrawal,0.93,Closing balance < ₹1000
fa547cac-892b-46b5-9771-6c63b99acebf,2025-02-10T18:28:49.599302,71068.85,JFGK73322141888059,purchase,0.93,Closing balance < ₹1000; High transaction amount (>95th percentile)
5deaeb51-c562-4b1a-a8c9-c8b24cfba3ca,2025-02-14T01:35:45.863204,1226.53,JFGK73322141888059,deposit,0.73,Closing balance < ₹1000
fa6b756a-783a-4674-8c15-c62d6d6aaf7c,2025-02-14T02:00:54.588173,1226.53,JFGK73322141888059,deposit,0.83,Closing balance < ₹1000
2010a4ad-72ba-4b0a-aee5-feff18e86943,2025-02-14T02:32:19.386981,1226.53,JFGK73322141888059,deposit,0.75,Closing balance < ₹1000
4f2077ba-3257-4bfd-8003-d61991717a6f,2025-02-14T13:51:45.029286,162.64,JFGK73322141888059,deposit,0.99,Closing balance < ₹1000
2517a53d-d4e6-4919-a298-9be18582cff4,2025-02-14T14:17:11.253068,162.64,JFGK73322141888059,deposit,0.86,Closing balance < ₹1000
93aa1b8f-7971-4e3b-b10d-1ce374a555f1,2025-02-14T14:48:57.912550,162.64,JFGK73322141888059,deposit,0.72,Closing balance < ₹1000
7d61e3c2-4785-43fc-a2d2-ced40ec6a84a,2025-02-16T04:12:33.816142,1915.0,JFGK73322141888059,withdrawal,0.77,Closing balance < ₹1000
6a663a5e-9ef4-451c-8305-c4eeeba6a67d,2025-02-16T04:38:54.744083,1915.0,JFGK73322141888059,withdrawal,0.95,Closing balance < ₹1000
99593849-e3d2-47e6-b7e1-4a6ca7f45307,2025-02-16T05:11:49.743610,1915.0,JFGK73322141888059,withdrawal,0.84,Closing balance < ₹1000
30dded3b-1a07-44db-88b9-cdab49e1b545,2025-02-19T12:45:56.381921,1295.76,JFGK73322141888059,transfer,0.94,Closing balance < ₹1000
9b40c0fd-dc34-4f26-a6e8-405ca36ad987,2025-02-20T16:15:32.241978,1520.19,JFGK73322141888059,deposit,0.9,Closing balance < ₹1000
d81727ce-a347-4dee-9b6d-42178e7438f3,2025-02-20T16:44:27.309177,1520.19,JFGK73322141888059,deposit,1.0,Closing balance < ₹1000
3f991171-f0d4-4c2a-84bc-74dd66935cfd,2025-02-20T17:20:34.869638,1520.19,JFGK73322141888059,deposit,0.88,Closing balance < ₹1000
6acc1bef-73f9-4939-bfa3-42cda03d5046,2025-02-28T04:22:53.078885,154.72,JFGK73322141888059,payment,0.99,Closing balance < ₹1000
a02c66be-b47f-47b2-8af8-0471b71eb6b2,2025-03-06T09:17:23.333390,1080.88,JFGK73322141888059,payment,0.97,Closing balance < ₹1000
62ad56e9-46e5-49b3-a068-01f2184a4021,2025-03-06T09:54:07.783072,1080.88,JFGK73322141888059,payment,0.88,Closing balance < ₹1000
6388fcdb-fe51-417f-9007-4ddc2987d92c,2025-03-06T10:40:01.727112,1080.88,JFGK73322141888059,payment,0.92,Closing balance < ₹1000
c500c106-adaf-484b-89f6-478188ce48bc,2025-03-13T21:18:10.292294,1296.51,JFGK73322141888059,transfer,0.85,Closing balance < ₹1000
7ed29510-2b14-405c-b01a-25ef68e10dac,2025-03-20T10:51:19.027153,1139.42,JFGK73322141888059,withdrawal,0.95,Closing balance < ₹1000
0ff3c6d4-da81-435c-b579-ce6167a03169,2025-03-20T11:36:05.034461,1139.42,JFGK73322141888059,withdrawal,0.86,Closing balance < ₹1000
6e229d6b-fb8e-499c-a177-e52e6c20f00d,2025-03-20T12:32:00.572071,1139.42,JFGK73322141888059,withdrawal,0.97,Closing balance < ₹1000
791d17aa-59cb-42ba-9e25-bb1ef10db49f,2025-03-27T23:25:41.017036,1696.54,JFGK73322141888059,purchase,0.92,Closing balance < ₹1000
862994b4-7721-4d69-b75d-e997bfae0aed,2025-03-28T00:14:44.622364,1696.54,JFGK73322141888059,purchase,0.84,Closing balance < ₹1000
d8695cd3-9be8-4d4d-8393-74250be29508,2025-03-28T01:16:01.968422,1696.54,JFGK73322141888059,purchase,0.78,Closing balance < ₹1000
bb14bced-dbf1-4c3b-984b-61e10656cc34,2025-03-28T16:44:09.055948,221.6,JFGK73322141888059,transfer,0.77,Closing balance < ₹1000
69421dda-961c-438e-95b9-b04f147df499,2025-03-29T23:11:04.149139,768.55,JFGK73322141888059,purchase,0.89,Closing balance < ₹1000
487f79a7-46ed-48b8-9476-a866f162282f,2025-03-31T18:21:32.365482,778.12,JFGK73322141888059,payment,0.93,Closing balance < ₹1000
c3916188-eb6a-4c5f-b6c2-8c7a5888eb83,2025-04-01T14:29:07.724975,1211.99,JFGK73322141888059,withdrawal,0.86,Closing balance < ₹1000
3283dd3d-2b1c-4db5-9969-91276c60c841,2025-04-02T12:33:36.010561,245.87,JFGK73322141888059,deposit,0.89,Closing balance < ₹1000
48e9cbe3-745a-42e8-b905-7423b59bf567,2025-04-09T04:14:30.510179,1125.49,JFGK73322141888059,Unusual Transaction,0.78,Closing balance < ₹1000
18ade531-032b-42a2-a9c3-f3f6cefe5183,2025-04-09T05:10:31.832086,1125.49,JFGK73322141888059,Unusual Transaction,0.72,Closing balance < ₹1000
7e561afe-dbfd-412d-abc6-ec4fb34715bb,2025-04-09T06:20:31.017263,1125.49,JFGK73322141888059,Unusual Transaction,0.79,Closing balance < ₹1000
9d755972-09f3-4ed3-a2ab-dbde12c563df,2025-01-02T12:25:34.812794,1674.97,MEFF92706537947383,transfer,0.78,Closing balance < ₹1000
a4f31051-70b8-4974-8610-edf8168fddfa,2025-01-02T12:26:26.777174,1674.97,MEFF92706537947383,transfer,0.8,Closing balance < ₹1000
c68ce784-7676-4275-9ac6-4bf3c5a9d1dd,2025-01-02T12:27:31.694507,1674.97,MEFF92706537947383,transfer,0.86,Closing balance < ₹1000
0f8d3e86-6024-49ba-a2b8-2244a4c80c7f,2025-01-12T10:17:44.314791,84023.41,MEFF92706537947383,withdrawal,0.74,High transaction amount (>95th percentile)
3f44f5d4-e700-445f-97e0-255df29a6b79,2025-01-12T10:24:15.614169,84023.41,MEFF92706537947383,withdrawal,0.77,High transaction amount (>95th percentile)
dd1a6506-4b59-4121-b878-2f3e3323b049,2025-01-12T10:32:24.451178,84023.41,MEFF92706537947383,withdrawal,0.91,High transaction amount (>95th percentile)
cb1ff8e5-9168-46cb-b9a6-cea08f9e52eb,2025-01-16T01:47:38.437928,1454.47,MEFF92706537947383,withdrawal,0.91,Closing balance < ₹1000
38b9d1b0-43b6-4f86-9fc1-0ee90e4d1623,2025-01-20T21:53:39.446177,926.78,MEFF92706537947383,purchase,0.72,Closing balance < ₹1000
85c70ad0-b1d4-4bbe-a01d-544d1968df7a,2025-01-26T19:38:02.012640,1275.31,MEFF92706537947383,purchase,0.82,Closing balance < ₹1000
8e7f2c9e-a4ef-4334-9784-72acccade6bd,2025-01-29T01:33:30.677529,1888.72,MEFF92706537947383,withdrawal,0.86,Closing balance < ₹1000
cfd14806-affb-4738-b959-574bb3695335,2025-02-14T08:14:12.829781,746.88,MEFF92706537947383,transfer,0.82,Closing balance < ₹1000
fc40afa7-6299-4f00-9734-5fa9a1a6887b,2025-03-05T01:53:10.662515,1693.73,MEFF92706537947383,purchase,0.76,Closing balance < ₹1000
01eb6cda-6f87-4f8d-a020-f4337bbf959e,2025-03-05T02:29:10.313172,1693.73,MEFF92706537947383,purchase,0.83,Closing balance < ₹1000
d4b6877c-79fd-48ba-bc6b-21c9e5a0984b,2025-03-05T03:14:08.291312,1693.73,MEFF92706537947383,purchase,0.97,Closing balance < ₹1000
92e1af7e-aa7a-457f-a54d-504a0d519e76,2025-03-06T08:29:30.299878,348.54,MEFF92706537947383,purchase,0.88,Closing balance < ₹1000
36977d9f-70a2-47ce-a23d-9c859f4ee470,2025-03-12T01:15:30.337815,86067.18,MEFF92706537947383,withdrawal,0.91,High transaction amount (>95th percentile)
06d073b3-9575-479e-bec4-544244c80900,2025-03-13T00:53:58.826864,1926.76,MEFF92706537947383,withdrawal,0.96,Closing balance < ₹1000
d4901546-4d20-4f41-9b90-419ea43e47eb,2025-03-31T01:03:20.635532,-2125.64,MEFF92706537947383,withdrawal,0.93,Closing balance < ₹1000
e46a96e5-d168-421d-a3e6-79c6965193cd,2025-03-31T01:54:09.275202,-2125.64,MEFF92706537947383,withdrawal,0.81,Closing balance < ₹1000
429e0b1b-e91d-455d-81ff-def048f34054,2025-03-31T02:57:37.837091,-2125.64,MEFF92706537947383,withdrawal,0.7,Closing balance < ₹1000
35180df3-5b76-41dc-944b-60ea8925815d,2025-01-06T06:09:08.314093,500.27,YSMP05466889373467,withdrawal,0.81,Closing balance < ₹1000
fb04c1c5-3b6e-43a0-ade9-0addad45c390,2025-01-21T10:15:38.761144,67145.08,YSMP05466889373467,withdrawal,0.93,High transaction amount (>95th percentile)
27ab47c2-59ee-4ffb-80d1-ca20b232f7b2,2025-02-24T16:40:27.244540,1362.19,YSMP05466889373467,purchase,0.96,Closing balance < ₹1000
a23c863d-50dc-4a17-98c8-21bd38ddac2e,2025-03-02T07:27:53.090585,130.89,YSMP05466889373467,transfer,0.99,Closing balance < ₹1000
7ecbd32b-8aed-44a9-8076-bc5919eb53e3,2025-03-26T01:01:58.217922,1000.5,YSMP05466889373467,transfer,0.83,Closing balance < ₹1000
f5297c4c-b557-488f-b19a-b3ed9a8a263e,2025-02-11T16:05:34.858280,1878.2,QJCI38424981829922,payment,0.92,Foreign transaction from high-risk country
93383808-2936-4c6a-bb1e-936afcdcc859,2025-04-06T01:46:59.735026,1753.4,QJCI38424981829922,withdrawal,0.86,Blacklisted merchant
067b1f60-0f6a-4238-822a-ce17ebd8d8fa,2025-02-15T03:31:30.584324,1976.62,MQOH39500479748016,purchase,0.88,High transaction amount (>95th percentile)
2a266d25-e4bb-46f9-ad9d-1efb4207257b,2025-02-24T21:22:55.555848,1989.28,MQOH39500479748016,deposit,0.77,High transaction amount (>95th percentile)
dc1ca9a0-e187-4c40-b927-444ba1ace48e,2025-03-14T12:13:33.320048,1991.15,MQOH39500479748016,transfer,0.77,High transaction amount (>95th percentile)
28accf0d-cd93-458c-9e51-53ba3b68ae02,2025-02-28T10:20:46.105896,56119.93,FGEZ85884247451712,payment,0.83,High transaction amount (>95th percentile)
7a039a3f-3f09-4ab1-9e95-bd913ec64d15,2025-03-18T07:34:29.594982,1982.02,FGEZ85884247451712,deposit,0.71,High transaction amount (>95th percentile)
51eb123d-440a-43ef-9338-a9d223087a77,2025-01-01T22:14:28.382690,1967.79,MQCM45352181883552,payment,0.8,High transaction amount (>95th percentile)
add1a7f5-0148-453f-a2d0-8aade402e7d7,2025-01-01T22:15:00.111136,1967.79,MQCM45352181883552,payment,0.9,High transaction amount (>95th percentile)
34268ee4-a4f6-4ecd-8211-534a71cb6051,2025-01-01T22:15:39.748405,1967.79,MQCM45352181883552,payment,0.82,High transaction amount (>95th percentile)
6846ea37-2893-4adc-8e06-ab12b0584b74,2025-04-01T16:13:26.878184,1989.39,MQCM45352181883552,payment,0.75,High transaction amount (>95th percentile)
cd30e051-734e-43e1-8b5b-53d634f253ab,2025-04-01T17:05:11.393954,1989.39,MQCM45352181883552,payment,0.84,High transaction amount (>95th percentile)
afe130e2-1fc5-4cb0-96d2-b489ecf7b331,2025-04-01T18:09:49.759955,1989.39,MQCM45352181883552,payment,0.74,High transaction amount (>95th percentile)
32246832-9650-4064-b153-48fc142ac10b,2025-01-16T18:54:14.626795,1088.44,JYJW37575844198665,deposit,0.89,Closing balance < ₹1000
563c30b1-9774-4003-b4f5-02055f24789c,2025-01-22T10:04:28.723715,6710.96,JYJW37575844198665,withdrawal,0.71,Closing balance < ₹1000; High transaction amount (>95th percentile)
8448f5c4-6da9-4414-a430-05601bfe5f26,2025-01-22T10:16:42.082389,6710.96,JYJW37575844198665,withdrawal,0.82,Closing balance < ₹1000; High transaction amount (>95th percentile)
7b19c299-b05d-4f8e-8d55-2c1c91a18240,2025-01-22T10:31:58.242446,6710.96,JYJW37575844198665,withdrawal,0.87,Closing balance < ₹1000; High transaction amount (>95th percentile)
a9f40d68-ac78-41a3-81db-891d786576dc,2025-02-09T11:36:39.482848,828.25,JYJW37575844198665,transfer,0.71,Closing balance < ₹1000
d5986369-248b-4be9-a245-f6567090ba34,2025-02-09T11:59:11.307390,828.25,JYJW37575844198665,transfer,0.89,Closing balance < ₹1000
457abe19-c17a-4d82-956c-00a608ef7590,2025-02-09T12:27:20.095830,828.25,JYJW37575844198665,transfer,0.74,Closing balance < ₹1000
0164f803-f6a0-45e2-9ae6-5629b4b5142c,2025-02-11T04:25:05.530519,912.68,JYJW37575844198665,transfer,0.84,Closing balance < ₹1000
9ddf412e-af83-4a80-85e6-66c767435694,2025-02-11T04:48:35.569058,912.68,JYJW37575844198665,transfer,0.72,Closing balance < ₹1000
4da9b0ac-5464-48ee-8719-d7a75816cb0e,2025-02-11T05:17:57.082267,912.68,JYJW37575844198665,transfer,0.81,Closing balance < ₹1000
f9fdea1c-02eb-45da-92dd-33183b84de44,2025-02-12T03:16:43.836607,70.23,JYJW37575844198665,withdrawal,0.76,Closing balance < ₹1000
120f0c13-1cd4-4059-ae5e-0a3efb023a59,2025-02-12T03:40:46.487238,70.23,JYJW37575844198665,withdrawal,0.8,Closing balance < ₹1000
1bc0c858-925e-4ae5-9fe0-cc55326abfd0,2025-02-12T04:10:48.741622,70.23,JYJW37575844198665,withdrawal,0.93,Closing balance < ₹1000
7fe8ca14-fb39-456b-baaf-8175057f9533,2025-02-28T08:33:53.740709,1363.98,JYJW37575844198665,purchase,0.81,Closing balance < ₹1000
3e88aa3c-dd81-4d61-bbf0-f37171f6146d,2025-02-28T09:07:11.731560,1363.98,JYJW37575844198665,purchase,0.93,Closing balance < ₹1000
e9d35ddd-2475-4fbb-a998-251ad6fe002c,2025-02-28T09:48:47.753599,1363.98,JYJW37575844198665,purchase,0.95,Closing balance < ₹1000
2ccc2672-dc95-4b1a-b8e8-ead083ba76da,2025-03-03T14:48:39.106474,1762.32,JYJW37575844198665,withdrawal,0.78,Closing balance < ₹1000
0d7759da-26dd-40d2-b17d-2e05b518254c,2025-03-03T15:23:48.719898,1762.32,JYJW37575844198665,withdrawal,0.72,Closing balance < ₹1000
0f577a0f-341c-4601-9cdd-a35452cf5ab5,2025-03-03T16:07:44.188224,1762.32,JYJW37575844198665,withdrawal,0.71,Closing balance < ₹1000
abc0a86f-8d73-41ae-b73a-ae937cc7603c,2025-03-04T04:21:49.834222,339.74,JYJW37575844198665,withdrawal,0.86,Closing balance < ₹1000
f3080966-8223-4506-b341-3e3926b6520c,2025-03-04T04:57:18.781795,339.74,JYJW37575844198665,withdrawal,1.0,Closing balance < ₹1000
9d17b52c-6395-4b28-b443-2da946722fe8,2025-03-04T05:41:38.403615,339.74,JYJW37575844198665,withdrawal,0.8,Closing balance < ₹1000
5e3d4530-7d58-4f3e-893a-e850da07685a,2025-03-07T08:49:05.443012,1674.97,JYJW37575844198665,transfer,0.9,Closing balance < ₹1000
1e8b3eea-f00b-477f-92c3-4d99ba3d0590,2025-03-07T18:18:54.548690,1993.91,JYJW37575844198665,transfer,0.93,Closing balance < ₹1000; High transaction amount (>95th percentile)
223ab563-60a5-4975-8001-3c250d65c49e,2025-03-07T18:56:26.111021,1993.91,JYJW37575844198665,transfer,0.9,Closing balance < ₹1000; High transaction amount (>95th percentile)
b30225fb-6762-446d-be66-b6473c040abc,2025-03-07T19:43:18.911290,1993.91,JYJW37575844198665,transfer,0.93,Closing balance < ₹1000; High transaction amount (>95th percentile)
8eca3264-5f24-40b8-a5eb-18fcb69d7150,2025-03-08T03:40:36.656731,1774.91,JYJW37575844198665,deposit,0.98,Closing balance < ₹1000
0d238232-3b87-40a6-a655-9e3b851de4a6,2025-03-11T07:27:58.359180,776.74,JYJW37575844198665,transfer,0.76,Closing balance < ₹1000
16c80075-60bb-4b55-94c9-e1268265a77e,2025-03-11T14:33:39.505320,1132.97,JYJW37575844198665,purchase,0.71,Closing balance < ₹1000
8819a5e5-6c65-40ef-9f37-3435a516da09,2025-03-23T02:22:25.404918,109.1,JYJW37575844198665,withdrawal,0.75,Closing balance < ₹1000
8b0874ec-803c-49b7-9ad8-9f7fd27df5af,2025-03-23T03:08:42.025133,109.1,JYJW37575844198665,withdrawal,0.74,Closing balance < ₹1000
35e05342-6f6f-40cc-8370-645ff6defc0a,2025-03-23T04:06:30.762365,109.1,JYJW37575844198665,withdrawal,0.9,Closing balance < ₹1000
ddfb6b91-059a-4afc-95eb-7ca85aa571f1,2025-03-29T21:09:47.551052,603.01,JYJW37575844198665,deposit,0.87,Closing balance < ₹1000
bf175b20-eec3-4ce6-b355-5ea3ec79b806,2025-03-29T21:59:56.400345,603.01,JYJW37575844198665,deposit,0.77,Closing balance < ₹1000
3fc117dc-1288-4337-a3e2-7292f5ef5f1a,2025-03-29T23:02:35.253469,603.01,JYJW37575844198665,deposit,0.91,Closing balance < ₹1000
1cff0a3c-8e36-4afa-a776-9fa61dadf58e,2025-04-02T13:35:30.677827,1713.9,JYJW37575844198665,purchase,0.93,Closing balance < ₹1000
d40a6e81-5675-418d-bc14-059dd9ef1905,2025-04-02T14:27:45.675949,1713.9,JYJW37575844198665,purchase,0.75,Closing balance < ₹1000
94a5451f-ea28-41c8-8c24-8461d86881e4,2025-04-02T15:33:02.122517,1713.9,JYJW37575844198665,purchase,0.88,Closing balance < ₹1000
5e6de64f-bf73-47a5-8aec-abc1c06b2da1,2025-04-05T20:43:12.655507,90601.85,JYJW37575844198665,transfer,0.92,Closing balance < ₹1000; High transaction amount (>95th percentile)
b27d9128-6d86-47a3-9d55-9e270598c3de,2025-04-08T01:43:35.252811,1590.72,JYJW37575844198665,payment,0.73,Closing balance < ₹1000
152996e2-aeaf-4782-aa0f-a31bb314feb0,2025-04-08T02:38:58.748963,1590.72,JYJW37575844198665,payment,0.95,Closing balance < ₹1000
f7b95b24-6e5d-4414-85e0-10ef9c2b19e9,2025-04-08T03:48:10.679711,1590.72,JYJW37575844198665,payment,0.99,Closing balance < ₹1000
990fc013-0d2a-4559-b26d-b126b39a92f1,2025-01-22T02:50:48.442361,88817.32,ZKNT81693406088356,deposit,0.73,High transaction amount (>95th percentile)
d32074ba-2e63-4a58-8b47-07242db3ebeb,2025-03-01T07:50:50.159714,1999.21,ZKNT81693406088356,payment,0.71,High transaction amount (>95th percentile)
d4f74200-ddc7-46cb-a0bf-72c795a84b15,2025-03-01T08:24:41.364233,1999.21,ZKNT81693406088356,payment,0.79,High transaction amount (>95th percentile)
54e4cb30-81c3-49de-a38e-db2704911c38,2025-03-01T09:06:58.878980,1999.21,ZKNT81693406088356,payment,0.9,High transaction amount (>95th percentile)
776d1c8c-c20a-4662-9f66-c7245381ccc4,2025-02-08T16:00:39.370215,298.96,EZTA42284210205395,payment,0.99,Foreign transaction from high-risk country
48f25245-a5d7-4436-8cbf-02d3de2554a7,2025-01-22T04:18:13.565450,88817.32,ZKNT81693406088356,deposit,0.82,High transaction amount (>95th percentile)
75a64433-48fb-4a73-8e45-9f997294d75a,2025-02-02T14:27:59.933542,1994.34,JMRA44369957773872,purchase,0.91,High transaction amount (>95th percentile)
317f5d8c-ab58-4c62-a653-38d738d6c0e6,2025-03-31T06:05:31.359299,55265.17,VSPQ40369003432445,purchase,0.72,High transaction amount (>95th percentile)
98750017-ee06-4f9e-8caf-a0b191c3fb69,2025-01-28T09:05:51.099209,573.71,JPHZ64710276773592,purchase,0.91,Foreign transaction from high-risk country
96057837-400f-4d47-b0c7-a4b9ca56fd91,2025-01-28T09:21:28.488702,573.71,JPHZ64710276773592,purchase,0.89,Foreign transaction from high-risk country
6b730544-0308-44ef-b82c-1762c9fe7c9e,2025-01-28T09:40:59.537526,573.71,JPHZ64710276773592,purchase,0.73,Foreign transaction from high-risk country
10dd88c1-b0fc-4c31-a3f3-8f825420d1ce,2025-03-07T00:27:59.192078,1212.99,FYVO72217043030548,transfer,0.93,Blacklisted merchant
4900a7fc-ade8-403e-b84e-2ada8ccc4dad,2025-01-26T16:33:37.113075,16428.72,TBVC47679764381561,withdrawal,0.96,Closing balance < ₹1000; High transaction amount (>95th percentile)
7a106c29-9cc5-4cb8-b010-4f51c7798db8,2025-01-26T16:48:16.673766,16428.72,TBVC47679764381561,withdrawal,0.88,Closing balance < ₹1000; High transaction amount (>95th percentile)
7a39b5ef-de1f-4216-90bc-65b426a0a3c9,2025-01-26T17:06:35.479034,16428.72,TBVC47679764381561,withdrawal,0.74,Closing balance < ₹1000; High transaction amount (>95th percentile)
03ec0945-9865-47d7-abdd-c3d1c9cc5f9e,2025-01-08T06:25:28.964736,1961.28,PXNF26838851606071,purchase,1.0,High transaction amount (>95th percentile)
6b5e37a3-4486-400c-819a-0935ab71a6c9,2025-01-08T06:29:37.792171,1961.28,PXNF26838851606071,purchase,0.93,High transaction amount (>95th percentile)
693346d7-6bd8-472b-a8b0-5e1fe681947c,2025-01-08T06:34:48.643827,1961.28,PXNF26838851606071,purchase,0.8,High transaction amount (>95th percentile)
76691f69-04ab-40b4-b045-521e191aff05,2025-03-15T16:23:20.730987,1956.08,RETC14678669125177,purchase,0.83,High transaction amount (>95th percentile); Foreign transaction from high-risk country
e2673aa1-5ec7-40d6-9b26-e7663f884772,2025-03-15T17:05:23.445325,1956.08,RETC14678669125177,purchase,0.81,High transaction amount (>95th percentile); Foreign transaction from high-risk country
c327f752-503e-4d03-afa8-98e2661508ab,2025-03-15T17:57:54.986579,1956.08,RETC14678669125177,purchase,0.85,High transaction amount (>95th percentile); Foreign transaction from high-risk country
4b87e6ad-3629-42bf-96c1-d020f5924596,2025-01-10T02:42:17.412350,38.7,DOEZ78895798687277,withdrawal,0.8,Blacklisted merchant
bb66958e-b07e-4038-8c47-29d25bcc5fad,2025-02-15T06:38:23.485271,1976.62,MQOH39500479748016,purchase,0.95,High transaction amount (>95th percentile)
5cf8f1f4-ab1f-4689-abb1-07c4e217a3cb,2025-02-25T01:10:08.534109,1989.28,MQOH39500479748016,deposit,0.95,High transaction amount (>95th percentile)
c447a37a-62e9-4d98-84ba-a909bcd77ab1,2025-03-14T17:13:42.113539,1991.15,MQOH39500479748016,transfer,0.73,High transaction amount (>95th percentile)
caac2c8e-f9ea-4f47-99f7-6d1494630b64,2025-01-01T09:07:52.962821,1323.81,ETVZ70213556909275,purchase,0.99,Foreign transaction from high-risk country
c744a6d6-3e9a-47ec-beca-621eb6fb57ef,2025-02-13T18:31:12.689337,1967.95,FBIM53755646417080,transfer,0.89,High transaction amount (>95th percentile)
6d3a4861-5442-48e6-b742-4c6efe06dc60,2025-01-12T07:46:50.854549,1442.03,EIGF92127799799552,transfer,0.95,Blacklisted merchant
6c599230-b256-4ec7-9b29-166d559e7f4f,2025-01-12T07:53:18.566340,1442.03,EIGF92127799799552,transfer,0.91,Blacklisted merchant
da198b12-dc86-40c1-88b1-8d5a225baed7,2025-01-12T08:01:22.921500,1442.03,EIGF92127799799552,transfer,0.83,Blacklisted merchant
bdb41547-8681-4ebb-9ed0-48c06b543e0b,2025-01-20T07:29:31.544675,429.46,EIGF92127799799552,payment,0.92,Blacklisted merchant
26d294f5-f2d4-4f87-ab19-9eb53d35b717,2025-02-01T20:45:57.975873,883.24,EIGF92127799799552,withdrawal,0.99,Blacklisted merchant
04254112-957b-4fc3-840b-c25004adc629,2025-02-01T21:04:08.961124,883.24,EIGF92127799799552,withdrawal,0.78,Blacklisted merchant
7c56ac59-0cf7-46af-acdc-a5a1b8049385,2025-02-01T21:26:51.891905,883.24,EIGF92127799799552,withdrawal,0.94,Blacklisted merchant
688fb3a6-697c-4a99-a22f-268fabc46ed9,2025-02-12T23:07:52.826033,1946.43,EIGF92127799799552,purchase,0.86,High transaction amount (>95th percentile)
8a8d1921-232f-45a1-bc08-9b828110404e,2025-02-12T23:32:23.797456,1946.43,EIGF92127799799552,purchase,0.85,High transaction amount (>95th percentile)
0ba06472-7025-472e-b653-add5c6d00a47,2025-02-13T00:03:01.432042,1946.43,EIGF92127799799552,purchase,0.83,High transaction amount (>95th percentile)
fcf00ca5-557a-495c-b740-02f7df3f06d7,2025-02-10T23:39:42.580841,1962.76,IBWL37735158506431,transfer,0.92,High transaction amount (>95th percentile)
f2815bbd-9624-491a-8b64-57ca93963f81,2025-02-11T00:03:05.834123,1962.76,IBWL37735158506431,transfer,0.78,High transaction amount (>95th percentile)
0726b8f7-e4f2-44f7-bc96-4d316383f1cc,2025-02-11T00:32:18.870740,1962.76,IBWL37735158506431,transfer,0.96,High transaction amount (>95th percentile)
8d584e68-1d31-4bde-96d4-79f33cb1bb1b,2025-01-29T11:06:25.519441,237.77,URAT40244550229612,deposit,0.95,Foreign transaction from high-risk country
84fdbfd8-92e3-4d3a-9ad4-54e8d6e0b198,2025-01-29T11:22:40.013151,237.77,URAT40244550229612,deposit,0.73,Foreign transaction from high-risk country
db5ccd57-e313-4403-9ca0-4aff497f53db,2025-01-29T11:42:57.415012,237.77,URAT40244550229612,deposit,0.96,Foreign transaction from high-risk country
74ac6572-6152-495c-b2da-0762c8fae241,2025-04-03T04:04:05.580657,50957.68,PLRD81412478261375,withdrawal,0.77,High transaction amount (>95th percentile)
fc7cdc1b-71af-4367-9a81-d91177524417,2025-04-03T04:56:41.230188,50957.68,PLRD81412478261375,withdrawal,0.84,High transaction amount (>95th percentile)
e58cd19c-cf17-4ea9-9fda-6fa827f45cc5,2025-04-03T06:02:23.475858,50957.68,PLRD81412478261375,withdrawal,0.88,High transaction amount (>95th percentile)
20bd8150-599c-4dba-a126-bad04682172d,2025-02-15T08:19:24.415365,1950.87,JJFW25831323705895,withdrawal,0.81,High transaction amount (>95th percentile)
b5328d47-36c9-475a-98bd-90b02cdd6374,2025-02-27T02:36:45.080362,1997.18,JJFW25831323705895,purchase,0.71,High transaction amount (>95th percentile)
00a08e36-9a4b-4e0a-9261-261615f284a5,2025-03-17T03:58:10.418916,1961.73,YLFT91241904966319,deposit,0.96,High transaction amount (>95th percentile)
7f7686e3-4cb6-4404-91b9-6daed73bfd76,2025-01-31T20:11:20.503761,1961.65,ECPZ45961586578091,transfer,0.75,High transaction amount (>95th percentile)
d00b0eb1-3a45-4e0f-a22c-3c5deb1bfcfe,2025-02-13T15:30:32.502707,1967.95,FBIM53755646417080,transfer,0.76,High transaction amount (>95th percentile)
daa65a9c-e98c-4c8c-84ad-f7e60814abd6,2025-01-06T18:15:14.212375,1991.96,ACXQ36675254599102,deposit,0.94,High transaction amount (>95th percentile)
5ddc2d4d-796c-4da2-a7c5-2e4271c3be98,2025-01-06T18:18:31.440020,1991.96,ACXQ36675254599102,deposit,0.8,High transaction amount (>95th percentile)
9a621002-ff98-4000-8b63-932f17fe9981,2025-01-06T18:22:37.829812,1991.96,ACXQ36675254599102,deposit,0.96,High transaction amount (>95th percentile)
b7e3ab8a-2829-4f6b-87f7-e229e0e4cffc,2025-01-16T02:50:02.476870,1454.47,MEFF92706537947383,withdrawal,0.91,Closing balance < ₹1000
4beef756-40fe-4776-8e59-deb10a029300,2025-01-20T23:16:04.953240,926.78,MEFF92706537947383,purchase,0.78,Closing balance < ₹1000
cb7013e1-6c95-4539-a964-a40c1d715f5c,2025-01-26T21:24:54.317310,1275.31,MEFF92706537947383,purchase,0.7,Closing balance < ₹1000
a7115d7a-9a89-4298-865c-6c871985e030,2025-01-29T03:29:41.023254,1888.72,MEFF92706537947383,withdrawal,0.98,Closing balance < ₹1000
ae785014-7527-4d40-852b-4b637f3220ac,2025-02-14T11:17:46.125390,746.88,MEFF92706537947383,transfer,0.73,Closing balance < ₹1000
97fd1d44-c730-4598-8cd9-95f7a889da46,2025-03-06T12:55:53.530916,348.54,MEFF92706537947383,purchase,0.92,Closing balance < ₹1000
7c5f6e39-9367-4e67-8474-9964839bdd81,2025-03-12T06:05:28.903962,86067.18,MEFF92706537947383,withdrawal,0.85,High transaction amount (>95th percentile)
e578d021-0dc8-4fd6-8602-4b33c0ee5597,2025-03-13T05:48:02.045346,1926.76,MEFF92706537947383,withdrawal,0.93,Closing balance < ₹1000
311fe4f4-4e96-4ee8-8ce7-dcf54f46c139,2025-03-03T09:04:44.851614,697.84,VJHX16117240050455,payment,0.91,Closing balance < ₹1000
666d2536-cd8d-43c1-a785-8e7c5c16d64e,2025-03-09T00:48:37.186552,1704.74,VJHX16117240050455,purchase,0.89,Closing balance < ₹1000
f85d0914-b9e9-40ef-8bdb-15172cbcde37,2025-03-24T19:32:14.854956,15200.01,VJHX16117240050455,withdrawal,0.85,Closing balance < ₹1000; High transaction amount (>95th percentile)
e83c25e2-5548-4fbb-bbd7-4e63b9c795b7,2025-01-23T10:44:06.935631,1949.22,JAWR24008427109477,payment,0.94,High transaction amount (>95th percentile)
fffe3abd-dfa8-40bf-b5b3-a936bafff9eb,2025-02-28T01:43:05.372992,906.85,JAWR24008427109477,purchase,0.73,Foreign transaction from high-risk country
a09388bd-64c2-4363-8481-22e6dbf4892e,2025-03-10T22:46:00.080410,1987.87,SNSM64160529751613,purchase,0.77,High transaction amount (>95th percentile)
491502ac-4a86-4ba8-8733-2f814a585237,2025-01-20T12:40:57.791775,1997.18,NBMQ53615305152204,purchase,0.91,High transaction amount (>95th percentile)
36b34a79-105c-49f8-bc28-41e5a9c8bc1b,2025-01-20T12:52:06.396113,1997.18,NBMQ53615305152204,purchase,0.79,High transaction amount (>95th percentile)
dd149934-c724-433d-8729-8af4086a9bf7,2025-01-20T13:06:01.660781,1997.18,NBMQ53615305152204,purchase,0.87,High transaction amount (>95th percentile)
354ddf08-6861-4f17-aebc-3c082b54f2c9,2025-01-03T21:07:38.903015,1960.59,FBIP11671902294131,deposit,0.84,High transaction amount (>95th percentile)
e4dba3bb-af13-4a57-832c-101d2517f0d8,2025-01-03T21:09:17.517550,1960.59,FBIP11671902294131,deposit,0.86,High transaction amount (>95th percentile)
6bca3aa6-f337-446c-9523-4fe952617b6a,2025-01-03T21:11:20.713335,1960.59,FBIP11671902294131,deposit,0.83,High transaction amount (>95th percentile)
3177e08d-8675-47df-91df-d8373c226205,2025-01-12T14:09:49.745374,1945.26,FBIP11671902294131,purchase,0.92,High transaction amount (>95th percentile)
9e0291b0-3097-49f4-a322-681f4444069c,2025-02-21T20:24:10.083652,717.49,FBIP11671902294131,withdrawal,0.8,Closing balance < ₹1000
f6b2f881-38c1-4667-b46b-54f926f8875b,2025-02-28T17:47:05.910183,1877.15,FBIP11671902294131,transfer,0.91,Closing balance < ₹1000
cacf032a-99e5-4c69-ad65-be8959b0af22,2025-01-18T20:11:43.787659,1950.29,ZKWC82037788925546,transfer,0.78,High transaction amount (>95th percentile)
15b56051-707b-45ed-a843-ec854f16ad76,2025-01-18T20:21:54.634516,1950.29,ZKWC82037788925546,transfer,0.78,High transaction amount (>95th percentile)
60c6f9ca-a237-4209-a966-c3456e3ef9e3,2025-01-18T20:34:37.744726,1950.29,ZKWC82037788925546,transfer,0.74,High transaction amount (>95th percentile)
7e31ee7a-aecf-4344-8313-9c35e84ea733,2025-01-30T22:40:47.792208,1972.34,IBEX68117758917839,purchase,0.76,High transaction amount (>95th percentile)
4dcd67c6-e174-44a2-a9e8-71268632b85d,2025-03-19T03:42:48.166937,1961.28,NXKT40139904902787,purchase,0.74,High transaction amount (>95th percentile)
56d9bb5b-bbfd-46d0-a1dd-adc44b30ca4d,2025-01-08T07:58:13.359570,86335.59,ZZPG59774688623924,withdrawal,0.86,High transaction amount (>95th percentile)
46dd7ddf-6612-465d-b611-132b5d04d24f,2025-03-12T14:47:09.672437,1395.91,LDVH70985931746120,deposit,0.93,Blacklisted merchant
2a9888d2-5e77-4b8c-8209-7eb465e12eab,2025-03-12T15:27:27.387528,1395.91,LDVH70985931746120,deposit,0.76,Blacklisted merchant
1223d992-2358-43ed-99b0-ccf3778274f7,2025-03-12T16:17:47.756791,1395.91,LDVH70985931746120,deposit,0.76,Blacklisted merchant
2ec83d97-bf61-4855-9090-c1f664804cca,2025-04-09T00:03:48.998041,1323.81,LDVH70985931746120,purchase,0.85,Foreign transaction from high-risk country
6fbdd3ae-18ae-4621-85b5-ffc0d2925235,2025-04-09T00:59:44.359495,1323.81,LDVH70985931746120,purchase,0.92,Foreign transaction from high-risk country
35594e28-008d-461c-9f88-f108931d93a0,2025-04-09T02:09:36.098482,1323.81,LDVH70985931746120,purchase,0.99,Foreign transaction from high-risk country
b19ba354-df89-4f4f-93df-283eb7a95c92,2025-01-25T21:30:38.955985,1326.85,PLKR86753396360576,withdrawal,0.86,Blacklisted merchant
